<?xml version="1.0" encoding="UTF-8"?>
<Report DocToolVersion="5.0" name="ITIM Adapter Summary Report">
   <Order>0</Order>
   <ClassName>com.ibm.itim.tools.adt.report.AdapterReport</ClassName>
   <GlobalFolder name="Global Components">
      <Order>1</Order>
      <GlobalComponent id="GlobalConnectorID" name="Connector">
         <Order>100000</Order>
         <AttributeList name="ConnectorComponent">
            <Order>1</Order>
            <ClassName>com.ibm.itim.tools.adt.report.operation.components.connector.ConnectorAttributeList</ClassName>
            <List name="Connection Error Settings">
               <Order>1</Order>
               <ClassName>com.ibm.itim.tools.adt.report.operation.components.connector.ConnectionErrorSettingsList</ClassName>
               <Style>
                  <Tag>LIST_INDENT</Tag>
               </Style>
            </List>
            <List name="Delta Settings">
               <Order>2</Order>
               <ClassName>com.ibm.itim.tools.adt.report.operation.components.connector.DeltaSettingsList</ClassName>
               <Style>
                  <Tag>LIST_INDENT</Tag>
               </Style>
            </List>
            <List name="Parameters">
               <Order>3</Order>
               <ClassName>com.ibm.itim.tools.adt.report.operation.components.connector.ParametersList</ClassName>
               <Style>
                  <Tag>LIST_INDENT</Tag>
               </Style>
            </List>
            <List name="Input Map">
               <Order>4</Order>
               <Style>
                  <Tag>LIST_INDENT</Tag>
               </Style>
               <Table>
                  <Order>1</Order>
                  <ClassName>com.ibm.itim.tools.adt.report.operation.components.connector.AttributeMapTable</ClassName>
                  <UserData>Input</UserData>
               </Table>
            </List>
            <List name="Output Map">
               <Order>5</Order>
               <Style>
                  <Tag>LIST_INDENT</Tag>
               </Style>
               <Table>
                  <Order>1</Order>
                  <ClassName>com.ibm.itim.tools.adt.report.operation.components.connector.AttributeMapTable</ClassName>
                  <UserData>Output</UserData>
               </Table>
            </List>
            <List name="Search Criteria">
               <Order>6</Order>
               <Style>
                  <Tag>LIST_INDENT</Tag>
               </Style>
               <Table>
                  <Order>1</Order>
                  <ClassName>com.ibm.itim.tools.adt.report.operation.components.connector.SearchCriteriaTable</ClassName>
               </Table>
            </List>
            <List name="Parser">
               <Order>7</Order>
               <ClassName>com.ibm.itim.tools.adt.report.operation.components.connector.ParserList</ClassName>
               <Style>
                  <Tag>LIST_INDENT</Tag>
               </Style>
            </List>
            <List name="Search Criteria">
               <Order>8</Order>
               <ClassName>com.ibm.itim.tools.adt.report.operation.components.connector.SearchCriteriaList</ClassName>
               <Style>
                  <Tag>LIST_INDENT</Tag>
               </Style>
            </List>
            <List name="Input Schema">
               <Order>9</Order>
               <Style>
                  <Tag>LIST_INDENT</Tag>
               </Style>
               <Table>
                  <Order>1</Order>
                  <ClassName>com.ibm.itim.tools.adt.report.operation.components.connector.SchemaTable</ClassName>
                  <UserData>Input</UserData>
               </Table>
            </List>
            <List name="Output Schema">
               <Order>10</Order>
               <Style>
                  <Tag>LIST_INDENT</Tag>
               </Style>
               <Table>
                  <Order>1</Order>
                  <ClassName>com.ibm.itim.tools.adt.report.operation.components.connector.SchemaTable</ClassName>
                  <UserData>Output</UserData>
               </Table>
            </List>
            <List name="Script">
               <Order>11</Order>
               <ClassName>com.ibm.itim.tools.adt.report.operation.components.connector.ScriptList</ClassName>
               <Style>
                  <Value>listitemnamenoindent</Value>
                  <Tag>LIST_ITEM_NAME_CLASS</Tag>
               </Style>
               <Style>
                  <Tag>LIST_INDENT</Tag>
               </Style>
            </List>
            <List name="Hooks">
               <Order>12</Order>
               <ClassName>com.ibm.itim.tools.adt.report.operation.components.connector.HooksList</ClassName>
               <Style>
                  <Tag>LIST_INDENT</Tag>
               </Style>
               <Tree>
                  <Order>1</Order>
                  <ClassName>com.ibm.itim.tools.adt.report.HooksTree</ClassName>
                  <UserData>ConnectorHooks</UserData>
                  <List name="Hook Script">
                     <Order>1</Order>
                     <ClassName>com.ibm.itim.tools.adt.report.HookItemList</ClassName>
                     <Style>
                        <Value>hooklistname</Value>
                        <Tag>LIST_NAME_CLASS</Tag>
                     </Style>
                     <Style>
                        <Value>listitemnamenoindent</Value>
                        <Tag>LIST_ITEM_NAME_CLASS</Tag>
                     </Style>
                  </List>
               </Tree>
            </List>
         </AttributeList>
      </GlobalComponent>
      <GlobalComponent id="GlobalFunctionID" name="Function">
         <Order>100000</Order>
         <AttributeList name="FunctionComponent">
            <Order>1</Order>
            <ClassName>com.ibm.itim.tools.adt.report.operation.components.function.FunctionAttributeList</ClassName>
            <List name="Parameters">
               <Order>1</Order>
               <ClassName>com.ibm.itim.tools.adt.report.operation.components.function.ParametersList</ClassName>
               <Style>
                  <Tag>LIST_INDENT</Tag>
               </Style>
            </List>
            <List name="Input Map">
               <Order>2</Order>
               <Style>
                  <Tag>LIST_INDENT</Tag>
               </Style>
               <Table>
                  <Order>1</Order>
                  <ClassName>com.ibm.itim.tools.adt.report.operation.components.function.AttributeMapTable</ClassName>
                  <UserData>Input</UserData>
               </Table>
            </List>
            <List name="Output Map">
               <Order>3</Order>
               <Style>
                  <Tag>LIST_INDENT</Tag>
               </Style>
               <Table>
                  <Order>1</Order>
                  <ClassName>com.ibm.itim.tools.adt.report.operation.components.function.AttributeMapTable</ClassName>
                  <UserData>Output</UserData>
               </Table>
            </List>
            <List name="Input Schema">
               <Order>4</Order>
               <Style>
                  <Tag>LIST_INDENT</Tag>
               </Style>
               <Table>
                  <Order>1</Order>
                  <ClassName>com.ibm.itim.tools.adt.report.operation.components.function.SchemaTable</ClassName>
                  <UserData>Input</UserData>
               </Table>
            </List>
            <List name="Output Schema">
               <Order>5</Order>
               <Style>
                  <Tag>LIST_INDENT</Tag>
               </Style>
               <Table>
                  <Order>1</Order>
                  <ClassName>com.ibm.itim.tools.adt.report.operation.components.function.SchemaTable</ClassName>
                  <UserData>Output</UserData>
               </Table>
            </List>
            <List name="Script">
               <Order>6</Order>
               <ClassName>com.ibm.itim.tools.adt.report.operation.components.function.ScriptList</ClassName>
               <Style>
                  <Value>listitemnamenoindent</Value>
                  <Tag>LIST_ITEM_NAME_CLASS</Tag>
               </Style>
               <Style>
                  <Tag>LIST_INDENT</Tag>
               </Style>
            </List>
            <List name="Hooks">
               <Order>7</Order>
               <ClassName>com.ibm.itim.tools.adt.report.operation.components.function.HooksList</ClassName>
               <Style>
                  <Tag>LIST_INDENT</Tag>
               </Style>
               <Tree>
                  <Order>1</Order>
                  <ClassName>com.ibm.itim.tools.adt.report.HooksTree</ClassName>
                  <UserData>ConnectorHooks</UserData>
                  <List name="Hook Script">
                     <Order>1</Order>
                     <ClassName>com.ibm.itim.tools.adt.report.HookItemList</ClassName>
                     <Style>
                        <Value>hooklistname</Value>
                        <Tag>LIST_NAME_CLASS</Tag>
                     </Style>
                     <Style>
                        <Value>listitemnamenoindent</Value>
                        <Tag>LIST_ITEM_NAME_CLASS</Tag>
                     </Style>
                  </List>
               </Tree>
            </List>
         </AttributeList>
      </GlobalComponent>
   </GlobalFolder>
   <Section name="General">
      <Order>2</Order>
      <Description><![CDATA[This section contains general Adapter configuration properties. These properties are defined in the service.def file which is located in the adapter profile directory. This list of properties is not configurable however the values for the properties may be modified as required]]></Description>
      <ClassName>com.ibm.itim.tools.adt.report.SummarySection</ClassName>
      <List name="Indexed Attributes">
           <Order>1</Order>
           <ClassName>com.ibm.itim.tools.adt.report.operation.IndexedAttributesList</ClassName>
       </List>
      <SectionNumber>1</SectionNumber>
   </Section>
   <Section name="ITIM Profile">
      <Order>3</Order>
      <Description><![CDATA[This section defines the components that comprise the ITIM Profile. The ITIM profile is a set of files that define the LDAP schema that is used to store the adapter data in the ITIM LDAP as well as group definitions and the TDI Assembly Lines that will implement the business logic in the adapter. ]]></Description>
      <ClassName>com.ibm.itim.tools.adt.report.ProfileSection</ClassName>
      <Section name="Custom Attributes">
         <Order>1</Order>
         <Description><![CDATA[This section defines the attributes that are new to this adapter. These attributes will be included in the Schema.dsml file to be created in the ITIM LDAP schema when the profile is imported. Only those attributes that need to be created for this adapter are listed. If attributes are shared by multiple adapters, they should be listed for each adapter (with the same OID) in case one or more of the adapters is not loaded.]]></Description>
         <List name="Attribute List">
            <Order>1</Order>
            <Table>
               <Order>1</Order>
               <ClassName>com.ibm.itim.tools.adt.report.CustomAttributesTable</ClassName>
            </Table>
         </List>
         <SectionNumber>1</SectionNumber>
      </Section>
      <Section name="Account Objectclass">
         <Order>2</Order>
         <Description><![CDATA[This section defines the attributes that comprise the Account Objectclass. Accounts created in ITIM for the managed resource will be entries of this objectclass. Custom adapters should always create a new account objectclass that is specific to that adapter, however, attributes may be shared among adapter objectclasses.]]></Description>
         <ClassName>com.ibm.itim.tools.adt.report.ObjectclassSection</ClassName>
         <UserData>Account</UserData>
         <List name="Attributes">
            <Order>1</Order>
            <Table>
               <Order>1</Order>
               <ClassName>com.ibm.itim.tools.adt.report.ObjectclassTable</ClassName>
            </Table>
         </List>
         <SectionNumber>2</SectionNumber>
      </Section>
      <Section name="Service Objectclass">
         <Order>3</Order>
         <Description><![CDATA[This section defines the attributes that comprise the Service Objectclass. When a service is created in ITIM based on this adapter profile, the service entry will be of this objectclass. This class should contain attributes for those values that need to be passed on the connectors to allow the ITIM administrator to customize the environment as required.]]></Description>
         <ClassName>com.ibm.itim.tools.adt.report.ObjectclassSection</ClassName>
         <UserData>Service</UserData>
         <List name="Attributes">
            <Order>1</Order>
            <Table>
               <Order>1</Order>
               <ClassName>com.ibm.itim.tools.adt.report.ObjectclassTable</ClassName>
            </Table>
         </List>
         <SectionNumber>3</SectionNumber>
      </Section>
      <Section name="Supporting Data Objectclasses">
         <Order>4</Order>
         <Description><![CDATA[This section defines the supporting data objectclasses that will be used to stored entries in ITIM's LDAP for data other than the accounts that is retrieved from the managed resource. Examples of the data include groups and profiles. Supporting data can be used to provide selections in the ITIM provisioning process that will limit the choices to valid platform data. Supporting data can alos be used to define Group profiles (Section 2.5).]]></Description>
         <Iteration name="SupportingData">
            <Order>1</Order>
            <ClassName>com.ibm.itim.tools.adt.report.SupportingDataIteration</ClassName>
            <Table name="Attributes">
               <Order>1</Order>
               <ClassName>com.ibm.itim.tools.adt.report.ObjectclassTable</ClassName>
            </Table>
         </Iteration>
         <SectionNumber>4</SectionNumber>
      </Section>
      <Section name="Group Profiles">
         <Order>5</Order>
         <Description><![CDATA[Group profiles are used to associate supporting data with a logical group. The profiles allow you to map the attributes of the supporting data to the ITIM Group profile attributes. Group profiles are new to ITIM 5.0 and facilitate logical provisioning.]]></Description>
         <Iteration name="GroupProfiles">
            <Order>1</Order>
            <ClassName>com.ibm.itim.tools.adt.report.GroupProfilesIteration</ClassName>
         </Iteration>
         <SectionNumber>5</SectionNumber>
      </Section>
      <SectionNumber>2</SectionNumber>
   </Section>
   <Section name="Operations">
      <Order>4</Order>
      <Description><![CDATA[This section defines the processing that will occur when a request of a particular type is sent to the Adapter by the ITIM server. Each operation can support one or more ITIM requests (ITIM Operations). The list of ITIM Operations supported in ITIM 5.0 are as follows:
	- add
	- modify
	- suspend
	- restore
	- changepassword
	- delete
	- search
	- searchData]]></Description>
      <ClassName>com.ibm.itim.tools.adt.report.operation.OperationsSection</ClassName>
      <Iteration name="OperationsIteration">
         <Order>1</Order>
         <ClassName>com.ibm.itim.tools.adt.report.operation.OperationsIteration</ClassName>
         <Style>
            <Value>operation_name</Value>
            <Tag>ITERATION_NAME_CLASS</Tag>
         </Style>
         <Style>
            <Value>operation_description</Value>
            <Tag>ITERATION_DESCRIPTION_CLASS</Tag>
         </Style>
         <Style>
            <Value>block</Value>
            <Tag>DEFAULT_EXPAND</Tag>
         </Style>
         <Style>
            <Value>-</Value>
            <Tag>DEFAULT_EXPAND_ICON</Tag>
         </Style>
         <List name="General Settings">
            <Order>1</Order>
            <List name="Supported ITIM Operations">
               <Order>1</Order>
               <ClassName>com.ibm.itim.tools.adt.report.operation.SupportedITIMOperationsList</ClassName>
            </List>
            <List name="Attributes sent with every request">
               <Order>2</Order>
               <ClassName>com.ibm.itim.tools.adt.report.operation.KeyAttributesList</ClassName>
            </List>
            <List name="Attributes sent to the adapter but not stored in ITIM">
               <Order>3</Order>
               <ClassName>com.ibm.itim.tools.adt.report.operation.SendOnlyAttributesList</ClassName>
            </List>
            <List name="Multi-valued Attributes to handle as a replace">
               <Order>4</Order>
               <ClassName>com.ibm.itim.tools.adt.report.operation.ReplaceMultiValuedAttributesList</ClassName>
            </List>
         </List>
         <List name="Operation Level Parameters">
            <Order>2</Order>
            <Table name="Dispatcher Parameters">
               <Order>1</Order>
               <ClassName>com.ibm.itim.tools.adt.report.operation.ParametersTable</ClassName>
            </Table>
         </List>
         <List name="Configured Loggers">
            <Order>3</Order>
            <Iteration name="ConfiguredLoggers">
               <Order>1</Order>
               <ClassName>com.ibm.itim.tools.adt.report.operation.LoggersIteration</ClassName>
            </Iteration>
         </List>
         <List name="AssemblyLine Hooks">
            <Order>4</Order>
            <ClassName>com.ibm.itim.tools.adt.report.operation.HooksList</ClassName>
            <Tree>
               <Order>1</Order>
               <ClassName>com.ibm.itim.tools.adt.report.HooksTree</ClassName>
               <UserData>AssemblyLineHooks</UserData>
               <List name="Hook Script">
                  <Order>1</Order>
                  <ClassName>com.ibm.itim.tools.adt.report.HookItemList</ClassName>
                  <Style>
                     <Value>hooklistname</Value>
                     <Tag>LIST_NAME_CLASS</Tag>
                  </Style>
                  <Style>
                     <Value>listitemnamenoindent</Value>
                     <Tag>LIST_ITEM_NAME_CLASS</Tag>
                  </Style>
               </List>
            </Tree>
         </List>
         <List name="Global Scripts">
            <Order>5</Order>
            <Iteration name="GlobalScripts">
               <Order>1</Order>
               <ClassName>com.ibm.itim.tools.adt.report.operation.ScriptsIteration</ClassName>
               <Style>
                  <Tag>ITERATION_ATTRIBUTE_NAME_WIDTH</Tag>
               </Style>
            </Iteration>
         </List>
         <ExpandableTree name="Processing Components">
            <Order>6</Order>
            <ClassName>com.ibm.itim.tools.adt.report.operation.ProcessingComponentsTree</ClassName>
            <Style>
               <Value>10</Value>
               <Tag>EXPANDABLE_TREE_NODE_INDENT</Tag>
            </Style>
            <Style>
               <Value>components_tree_node</Value>
               <Tag>TREE_NODE_CLASS</Tag>
            </Style>
            <Style>
               <Value>4</Value>
               <Tag>EXPANDABLE_TREE_INDENT</Tag>
            </Style>
            <Reference ReferenceID="GlobalConnectorID" name="Connector">
               <Order>1</Order>
            </Reference>
            <Reference ReferenceID="GlobalFunctionID" name="Function">
               <Order>2</Order>
            </Reference>
            <AttributeList name="LoopComponent">
               <Order>3</Order>
               <ClassName>com.ibm.itim.tools.adt.report.operation.components.loop.LoopComponentList</ClassName>
               <List name="Conditions Script">
                  <Order>1</Order>
                  <ClassName>com.ibm.itim.tools.adt.report.operation.components.branch.ConditionScriptList</ClassName>
                  <Style>
                     <Value>listitemnamenoindent</Value>
                     <Tag>LIST_ITEM_NAME_CLASS</Tag>
                  </Style>
               </List>
               <List name="Conditions">
                  <Order>2</Order>
                  <Table>
                     <Order>1</Order>
                     <ClassName>com.ibm.itim.tools.adt.report.operation.components.branch.ConditionsTable</ClassName>
                  </Table>
               </List>
               <List name="Loop Connector">
                  <Order>3</Order>
                  <ClassName>com.ibm.itim.tools.adt.report.operation.components.loop.ConnectorList</ClassName>
                  <Reference ReferenceID="GlobalConnectorID" name="Loop Connector">
                     <Order>1</Order>
                  </Reference>
               </List>
            </AttributeList>
            <AttributeList name="BranchComponent">
               <Order>4</Order>
               <ClassName>com.ibm.itim.tools.adt.report.operation.components.branch.BranchAttributeList</ClassName>
               <List name="Conditions Script">
                  <Order>1</Order>
                  <ClassName>com.ibm.itim.tools.adt.report.operation.components.branch.ConditionScriptList</ClassName>
                  <Style>
                     <Value>listitemnamenoindent</Value>
                     <Tag>LIST_ITEM_NAME_CLASS</Tag>
                  </Style>
               </List>
               <List name="Conditions">
                  <Order>2</Order>
                  <Table>
                     <Order>1</Order>
                     <ClassName>com.ibm.itim.tools.adt.report.operation.components.branch.ConditionsTable</ClassName>
                  </Table>
               </List>
            </AttributeList>
            <AttributeList name="ALMapComponent">
               <Order>5</Order>
               <ClassName>com.ibm.itim.tools.adt.report.operation.components.almap.ALMapAttributeList</ClassName>
               <List name="Map">
                  <Order>1</Order>
                  <Style>
                     <Tag>LIST_INDENT</Tag>
                  </Style>
                  <Table>
                     <Order>1</Order>
                     <ClassName>com.ibm.itim.tools.adt.report.operation.components.almap.AttributeMapTable</ClassName>
                     <UserData>Output</UserData>
                  </Table>
               </List>
            </AttributeList>
            <AttributeList name="SwitchComponent">
               <Order>6</Order>
               <ClassName>com.ibm.itim.tools.adt.report.operation.components.switchs.SwitchComponentList</ClassName>
               <List name="Script">
                  <Order>1</Order>
                  <ClassName>com.ibm.itim.tools.adt.report.GeneralScriptList</ClassName>
               </List>
            </AttributeList>
            <AttributeList name="SwitchCase">
               <Order>7</Order>
               <ClassName>com.ibm.itim.tools.adt.report.operation.components.switchs.SwitchCaseList</ClassName>
               <List name="Script">
                  <Order>1</Order>
                  <ClassName>com.ibm.itim.tools.adt.report.GeneralScriptList</ClassName>
               </List>
            </AttributeList>
            <AttributeList name="Script">
               <Order>8</Order>
               <ClassName>com.ibm.itim.tools.adt.report.operation.components.script.ScriptComponentList</ClassName>
               <List name="Script Contents">
                  <Order>1</Order>
                  <ClassName>com.ibm.itim.tools.adt.report.GeneralScriptList</ClassName>
                  <Style>
                     <Value>listitemnamenoindent</Value>
                     <Tag>LIST_ITEM_NAME_CLASS</Tag>
                  </Style>
                  <Style>
                     <Tag>LIST_INDENT</Tag>
                  </Style>
               </List>
            </AttributeList>
         </ExpandableTree>
      </Iteration>
      <SectionNumber>3</SectionNumber>
   </Section>
   <Version>5.0</Version>
   <ReportName>Adapter Report</ReportName>
</Report>
