<?xml version="1.0" encoding="UTF-8"?>
<Styles>
   <Component name="Tree">
      <Style>
         <Tag>TREE_NODE_CLASS</Tag>
         <Type>Class</Type>
         <Label>Tree Node Class</Label>
         <Value>tree_node</Value>
         <ElementType>ANY</ElementType>
      </Style>
      <Style>
         <Tag>TREE_CAPTION_CLASS</Tag>
         <Type>Class</Type>
         <Label>Tree Caption Class</Label>
         <Value>tree_caption</Value>
         <ElementType>CAPTION</ElementType>
      </Style>
   </Component>
   <Component name="Iteration">
      <Style>
         <Tag>ITERATION_NAME_CLASS</Tag>
         <Type>Class</Type>
         <Label>Iteration Name Class</Label>
         <Value>iteration_name</Value>
         <ElementType>ANY</ElementType>
      </Style>
      <Style>
         <Tag>ITERATION_ATTRIBUTE_NAME_CLASS</Tag>
         <Type>Class</Type>
         <Label>Attribute Name Class</Label>
         <Value>iteration_attr_name</Value>
         <ElementType>TD</ElementType>
      </Style>
      <Style>
         <Tag>ITERATION_ATTRIBUTE_NAME_WIDTH</Tag>
         <Type>Integer</Type>
         <Label>Attribute Name Width Value</Label>
         <Value>200</Value>
      </Style>
      <Style>
         <Tag>ITERATION_ATTRIBUTE_VALUE_CLASS</Tag>
         <Type>Class</Type>
         <Label>Attribute Value Class</Label>
         <Value>iteration_attr_value</Value>
         <ElementType>TD</ElementType>
      </Style>
      <Style>
         <Tag>ITERATION_DESCRIPTION_CLASS</Tag>
         <Type>Class</Type>
         <Label>Description Class</Label>
         <Value>iteration_description</Value>
         <ElementType>TD</ElementType>
      </Style>
      <Style>
         <Tag>DEFAULT_EXPAND</Tag>
         <Type>String</Type>
         <Label>Initial Expand State</Label>
         <Value>none</Value>
      </Style>
      <Style>
         <Tag>DEFAULT_EXPAND_ICON</Tag>
         <Type>String</Type>
         <Label>Initial Expand Icon</Label>
         <Value>+</Value>
      </Style>
   </Component>
   <Component name="Section">
      <Style>
         <Tag>SECTION_ATTRIBUTE_BORDER</Tag>
         <Type>Integer</Type>
         <Label>Attribute Border Value</Label>
         <Value>0</Value>
      </Style>
      <Style>
         <Tag>SECTION_ATTRIBUTE_NAME_CLASS</Tag>
         <Type>Class</Type>
         <Label>Attribute Name Class</Label>
         <Value>section_attr_name</Value>
         <ElementType>TD</ElementType>
      </Style>
      <Style>
         <Tag>SECTION_ATTRIBUTE_VALUE_CLASS</Tag>
         <Type>Class</Type>
         <Label>Attribute Value Class</Label>
         <Value>section_attr_value</Value>
         <ElementType>TD</ElementType>
      </Style>
   </Component>
   <Component name="ExpandableTree">
      <Style>
         <Tag>TREE_NODE_CLASS</Tag>
         <Type>Class</Type>
         <Label>Tree Node Class</Label>
         <Value>tree_node</Value>
         <ElementType>ANY</ElementType>
      </Style>
      <Style>
         <Tag>EXPANDABLE_TREE_INDENT</Tag>
         <Type>Integer</Type>
         <Label>Tree Root Indentation Value</Label>
         <Value>10</Value>
      </Style>
      <Style>
         <Tag>EXPANDABLE_TREE_NODE_INDENT</Tag>
         <Type>Integer</Type>
         <Label>Tree Node Indentation Value</Label>
         <Value>20</Value>
      </Style>
      <Style>
         <Tag>DEFAULT_EXPAND</Tag>
         <Type>String</Type>
         <Label>Initial Expand State</Label>
         <Value>none</Value>
      </Style>
      <Style>
         <Tag>DEFAULT_EXPAND_ICON</Tag>
         <Type>String</Type>
         <Label>Initial Expand Icon</Label>
         <Value>+</Value>
      </Style>
      <Style>
         <Tag>EXPANDABLE_TREE_CAPTION_CLASS</Tag>
         <Type>Class</Type>
         <Label>Tree Caption</Label>
         <Value>tree_caption</Value>
         <ElementType>CAPTION</ElementType>
      </Style>
   </Component>
   <Component name="Report">
      <Style>
         <Tag>REPORT_TITLE_CLASS</Tag>
         <Type>Class</Type>
         <Label>Title Class</Label>
         <Value>report_title</Value>
         <ElementType>TITLE</ElementType>
      </Style>
      <Style>
         <Tag>REPORT_VERSION_CLASS</Tag>
         <Type>Class</Type>
         <Label>Version Class</Label>
         <Value>report_version</Value>
         <ElementType>TD</ElementType>
      </Style>
      <Style>
         <Tag>REPORT_DATE_CLASS</Tag>
         <Type>Class</Type>
         <Label>Date Class</Label>
         <Value>report_date</Value>
         <ElementType>TD</ElementType>
      </Style>
      <Style>
         <Tag>REPORT_DESCRIPTION_CLASS</Tag>
         <Type>Class</Type>
         <Label>Description Class</Label>
         <Value>report_description</Value>
         <ElementType>P</ElementType>
      </Style>
      <Style>
         <Tag>REPORT_CONTENTS_HEADER_CLASS</Tag>
         <Type>Class</Type>
         <Label>Contents Header Class</Label>
         <Value>contents_header</Value>
         <ElementType>H2</ElementType>
      </Style>
      <Style>
         <Tag>TOC_SECTION_CLASS</Tag>
         <Type>Class</Type>
         <Label>Table Of Contents Class</Label>
         <Value>toc</Value>
         <ElementType>TD</ElementType>
      </Style>
   </Component>
   <Component name="Header">
      <Style>
         <Tag>HEADER_NAME_CLASS</Tag>
         <Type>Class</Type>
         <Label>Header Name Class</Label>
         <Value>header_name</Value>
         <ElementType>TD</ElementType>
      </Style>
      <Style>
         <Tag>HEADER_BORDER</Tag>
         <Type>Integer</Type>
         <Label>Border Value</Label>
         <Value>0</Value>
      </Style>
      <Style>
         <Tag>HEADER_ATTRIBUTE_NAME_CLASS</Tag>
         <Type>Class</Type>
         <Label>Attribute Name Class</Label>
         <Value>header_attribute_name</Value>
         <ElementType>TD</ElementType>
      </Style>
      <Style>
         <Tag>HEADER_ATTRIBUTE_VALUE_CLASS</Tag>
         <Type>Class</Type>
         <Label>Attribute Value Class</Label>
         <Value>header_attribute_value</Value>
         <ElementType>TD</ElementType>
      </Style>
   </Component>
   <Component name="Table">
      <Style>
         <Tag>TABLE_CAPTION_CLASS</Tag>
         <Type>Class</Type>
         <Label>Table Caption Class</Label>
         <Value>table_caption</Value>
         <ElementType>CAPTION</ElementType>
      </Style>
      <Style>
         <Tag>TABLE_HEADER_CLASS</Tag>
         <Type>Class</Type>
         <Label>Header Class</Label>
         <Value>tableheader</Value>
         <ElementType>TABLE</ElementType>
      </Style>
      <Style>
         <Tag>TABLE_BORDER</Tag>
         <Type>Integer</Type>
         <Label>Border Value</Label>
         <Value>1</Value>
      </Style>
   </Component>
   <Component name="AttributeList">
      <Style>
         <Tag>ATTRIBUTE_LIST_BORDER</Tag>
         <Type>Integer</Type>
         <Label>Border Value</Label>
         <Value>0</Value>
      </Style>
      <Style>
         <Tag>ATTRIBUTE_NAME_CLASS</Tag>
         <Type>Class</Type>
         <Label>Attribute Name Class</Label>
         <Value>attribute_list_attribute_name</Value>
         <ElementType>TD</ElementType>
      </Style>
      <Style>
         <Tag>ATTRIBUTE_VALUE_CLASS</Tag>
         <Type>Class</Type>
         <Label>Attribute Value Class</Label>
         <Value>attribute_list_attribute_value</Value>
         <ElementType>TD</ElementType>
      </Style>
   </Component>
   <Component name="List">
      <Style>
         <Tag>LIST_BORDER</Tag>
         <Type>Integer</Type>
         <Label>Border Value</Label>
         <Value>0</Value>
      </Style>
      <Style>
         <Tag>LIST_INDENT</Tag>
         <Type>Integer</Type>
         <Label>Indentation Value</Label>
         <Value>10</Value>
      </Style>
      <Style>
         <Tag>LIST_HEADER_CLASS</Tag>
         <Type>Class</Type>
         <Label>Header Class</Label>
         <Value>listheader</Value>
         <ElementType>TABLE</ElementType>
      </Style>
      <Style>
         <Tag>LIST_NAME_CLASS</Tag>
         <Type>Class</Type>
         <Label>List Name Class</Label>
         <Value>listname</Value>
         <ElementType>ANY</ElementType>
      </Style>
      <Style>
         <Tag>LIST_ITEM_NAME_CLASS</Tag>
         <Type>Class</Type>
         <Label>Item Class</Label>
         <Value>listitemname</Value>
         <ElementType>TD</ElementType>
      </Style>
      <Style>
         <Tag>LIST_ITEM_NAME_WIDTH</Tag>
         <Type>Integer</Type>
         <Label>Item Name Width Value</Label>
         <Value/>
      </Style>
      <Style>
         <Tag>LIST_ITEM_VALUE_CLASS</Tag>
         <Type>Class</Type>
         <Label>Item Value Class</Label>
         <Value>listitemvalue</Value>
         <ElementType>TD</ElementType>
      </Style>
      <Style>
         <Tag>DEFAULT_EXPAND</Tag>
         <Type>String</Type>
         <Label>Initial Expand State</Label>
         <Value>none</Value>
      </Style>
      <Style>
         <Tag>DEFAULT_EXPAND_ICON</Tag>
         <Type>String</Type>
         <Label>Initial Expand Icon</Label>
         <Value>+</Value>
      </Style>
   </Component>
</Styles>
