<?xml version="1.0" encoding="UTF-8"?>
<MetamergeConfig created="Mon Oct 11 14:13:37 EST 2004" createdBy="zoranr" modified="Fri Apr 01 16:37:02 EST 2005" modifiedBy="mjog" version="1.1">
<Folder name="AssemblyLines">


<AssemblyLine name="ITDIRMI_Dispatcher_Boot_AL">
<LogEnabled>true</LogEnabled>
<Settings>
<parameter name="ALPoolSettingsDialog">showALPoolSettings</parameter>
<parameter name="ScriptEngine">JavaScript</parameter>
<parameter name="automapattributes">false</parameter>
<parameter name="debug">false</parameter>
<parameter name="includeGlobalPrologs">true</parameter>
<parameter name="nullBehaviorDialog">showNullBehavior</parameter>
</Settings>
<Hooks/>
<CheckpointConfig/>
<SandboxConfig/>
<LogConfig/>
<ContainerEF name="EntryFeedContainer"/>
<ContainerDF name="DataFlowContainer">
<Connector name="Boot_RMIDispatcher">
<ConnectorMode>Script</ConnectorMode>
<ConnectorState>Enabled</ConnectorState>
<Configuration/>
<ConnectorScript><![CDATA[Packages.com.ibm.di.dispatcher.rmi.RMIDispatcherImpl.startInstance();
]]></ConnectorScript>
<ComputeChanges>true</ComputeChanges>
<DeltaBehavior>0</DeltaBehavior>
<DeltaStrict>true</DeltaStrict>
<Parser/>
<AttributeMap name="Input"/>
<AttributeMap name="Output"/>
<DeltaSettings>
<Driver>BTree</Driver>
</DeltaSettings>
<Schema name="Input"/>
<Schema name="Output"/>
<LinkCriteria>
<MatchAny>false</MatchAny>
<AdvancedLinkMode>false</AdvancedLinkMode>
</LinkCriteria>
<Hooks/>
<CheckpointConfig/>
<SandboxConfig/>
<Reconnect/>
</Connector>
</ContainerDF>
<ThreadOptions/>
<CallReturn>
<Schema name="Input"/>
<Schema name="Output"/>
<AttributeMap name="Output"/>
<AttributeMap name="Input"/>
</CallReturn>
</AssemblyLine>
</Folder>
<Folder name="Connectors"/>
<Folder name="Parsers"/>
<Folder name="EventHandlers"/>
<Folder name="Scripts"/>
<JavaLibraries/>
<JavaProperties/>
<Folder name="Includes"/>
<Folder name="ExternalProperties">
<ExternalProperties name="_Default">
<Encrypted>false</Encrypted>
</ExternalProperties>
<ExternalProperties name=" Default">
<Encrypted>false</Encrypted>
</ExternalProperties>
</Folder>
<Folder name="Config">
<LogConfig name="Logging"/>
<InstanceProperties name="AutoStart">
<AutoStart>
<ParameterList>
<parameter name="Name">AssemblyLines/ITDIRMI_Dispatcher_Boot_AL</parameter>
</ParameterList>
</AutoStart>
</InstanceProperties>
</Folder>
<Folder name="Functions"/>
<Folder name="AttributeMaps"/>
</MetamergeConfig>
