<?xml version="1.0" encoding="UTF-8"?>
<registry install_date="2014-03-13 16:12:39" version="1.1" last_modified="2014-03-13 16:12:42">
	<products>
		<product name="ITIM Adapter Development Tool" id="9f4c65af-1efc-11b2-8773-cfcf109adf2e" version="5.1.0.0" copyright="2010" info_url="" support_url="" location="C:\opt\IBM\ITIM_ADT5124" last_modified="2014-03-13 16:12:39">
		<![CDATA[ITIM Adapter Development Tool]]>
			<vendor name="IBM" id="adef9b42-1eee-11b2-8cc0-e1a22fbdceb6" home_page="" email=""/>
			<feature short_name="Application" name="Application" last_modified="2014-03-13 16:12:39">
			<![CDATA[This installs the application feature.]]>
				<component ref_id="adef9b52-1eee-11b2-8cce-e1a22fbdceb6" version="1.0.0.0" location="C:\opt\IBM\ITIM_ADT5124\Uninstall_ITIM Adapter Development Tool\Uninstall ITIM Adapter Development Tool.exe"/>
				<component ref_id="adef9b51-1eee-11b2-8ccc-e1a22fbdceb6" version="1.0.0.0" location="C:\Users\IBM_ADMIN\AppData\Local\Temp\I1394723447\Windows\.\AdapterReportDefinition.xml"/>
			</feature>
			<feature short_name="Help" name="Help" last_modified="2014-03-13 16:12:39">
			<![CDATA[This installs the help feature.]]>
				<component ref_id="adef9b52-1eee-11b2-8cce-e1a22fbdceb6" version="1.0.0.0" location="C:\opt\IBM\ITIM_ADT5124\Uninstall_ITIM Adapter Development Tool\Uninstall ITIM Adapter Development Tool.exe"/>
				<component ref_id="adef9b51-1eee-11b2-8ccc-e1a22fbdceb6" version="1.0.0.0" location="C:\Users\IBM_ADMIN\AppData\Local\Temp\I1394723447\Windows\.\AdapterReportDefinition.xml"/>
			</feature>
		</product>
	</products>
	<components>
		<component id="adef9b51-1eee-11b2-8ccc-e1a22fbdceb6" version="1.0.0.0" name="Common" location="C:\Users\IBM_ADMIN\AppData\Local\Temp\I1394723447\Windows\.\AdapterReportDefinition.xml" vendor="IBM">
			<resource keyfile="false" name="Uninstall_ITIM Adapter Development Tool" location="C:\opt\IBM\ITIM_ADT5124\Uninstall_ITIM Adapter Development Tool" type="directory" uninstall="true" rollbackEnabledCancel="true">
			<![CDATA[false]]>
			</resource>
			<resource keyfile="false" name="templates" location="C:\opt\IBM\ITIM_ADT5124\templates" type="directory" uninstall="true" rollbackEnabledCancel="true">
			<![CDATA[true]]>
			</resource>
			<resource keyfile="false" name="html" location="C:\opt\IBM\ITIM_ADT5124\templates\html" type="directory" uninstall="true" rollbackEnabledCancel="true">
			<![CDATA[false]]>
			</resource>
			<resource keyfile="false" name="AttributeList.tmpl" location="C:\opt\IBM\ITIM_ADT5124\templates\html\AttributeList.tmpl" type="file" uninstall="true" rollbackEnabledCancel="true"/>
			<resource keyfile="false" name="AttributeListAttribute.tmpl" location="C:\opt\IBM\ITIM_ADT5124\templates\html\AttributeListAttribute.tmpl" type="file" uninstall="true" rollbackEnabledCancel="true"/>
			<resource keyfile="false" name="AttributeListAttributeFooter.tmpl" location="C:\opt\IBM\ITIM_ADT5124\templates\html\AttributeListAttributeFooter.tmpl" type="file" uninstall="true" rollbackEnabledCancel="true"/>
			<resource keyfile="false" name="AttributeListAttributeHeader.tmpl" location="C:\opt\IBM\ITIM_ADT5124\templates\html\AttributeListAttributeHeader.tmpl" type="file" uninstall="true" rollbackEnabledCancel="true"/>
			<resource keyfile="false" name="ExpandableTreeFooter.tmpl" location="C:\opt\IBM\ITIM_ADT5124\templates\html\ExpandableTreeFooter.tmpl" type="file" uninstall="true" rollbackEnabledCancel="true"/>
			<resource keyfile="false" name="ExpandableTreeHeader.tmpl" location="C:\opt\IBM\ITIM_ADT5124\templates\html\ExpandableTreeHeader.tmpl" type="file" uninstall="true" rollbackEnabledCancel="true"/>
			<resource keyfile="false" name="ExpandableTreeNode.tmpl" location="C:\opt\IBM\ITIM_ADT5124\templates\html\ExpandableTreeNode.tmpl" type="file" uninstall="true" rollbackEnabledCancel="true"/>
			<resource keyfile="false" name="ExpandableTreeNodeFooter.tmpl" location="C:\opt\IBM\ITIM_ADT5124\templates\html\ExpandableTreeNodeFooter.tmpl" type="file" uninstall="true" rollbackEnabledCancel="true"/>
			<resource keyfile="false" name="HeaderComponent.tmpl" location="C:\opt\IBM\ITIM_ADT5124\templates\html\HeaderComponent.tmpl" type="file" uninstall="true" rollbackEnabledCancel="true"/>
			<resource keyfile="false" name="HeaderComponentAttribute.tmpl" location="C:\opt\IBM\ITIM_ADT5124\templates\html\HeaderComponentAttribute.tmpl" type="file" uninstall="true" rollbackEnabledCancel="true"/>
			<resource keyfile="false" name="HeaderComponentAttributeFooter.tmpl" location="C:\opt\IBM\ITIM_ADT5124\templates\html\HeaderComponentAttributeFooter.tmpl" type="file" uninstall="true" rollbackEnabledCancel="true"/>
			<resource keyfile="false" name="HeaderComponentAttributeHeader.tmpl" location="C:\opt\IBM\ITIM_ADT5124\templates\html\HeaderComponentAttributeHeader.tmpl" type="file" uninstall="true" rollbackEnabledCancel="true"/>
			<resource keyfile="false" name="HeaderComponentFooter.tmpl" location="C:\opt\IBM\ITIM_ADT5124\templates\html\HeaderComponentFooter.tmpl" type="file" uninstall="true" rollbackEnabledCancel="true"/>
			<resource keyfile="false" name="HeaderComponentHeader.tmpl" location="C:\opt\IBM\ITIM_ADT5124\templates\html\HeaderComponentHeader.tmpl" type="file" uninstall="true" rollbackEnabledCancel="true"/>
			<resource keyfile="false" name="Iteration.tmpl" location="C:\opt\IBM\ITIM_ADT5124\templates\html\Iteration.tmpl" type="file" uninstall="true" rollbackEnabledCancel="true"/>
			<resource keyfile="false" name="IterationAttribute.tmpl" location="C:\opt\IBM\ITIM_ADT5124\templates\html\IterationAttribute.tmpl" type="file" uninstall="true" rollbackEnabledCancel="true"/>
			<resource keyfile="false" name="IterationAttributeFooter.tmpl" location="C:\opt\IBM\ITIM_ADT5124\templates\html\IterationAttributeFooter.tmpl" type="file" uninstall="true" rollbackEnabledCancel="true"/>
			<resource keyfile="false" name="IterationAttributeHeader.tmpl" location="C:\opt\IBM\ITIM_ADT5124\templates\html\IterationAttributeHeader.tmpl" type="file" uninstall="true" rollbackEnabledCancel="true"/>
			<resource keyfile="false" name="IterationFooter.tmpl" location="C:\opt\IBM\ITIM_ADT5124\templates\html\IterationFooter.tmpl" type="file" uninstall="true" rollbackEnabledCancel="true"/>
			<resource keyfile="false" name="IterationHeader.tmpl" location="C:\opt\IBM\ITIM_ADT5124\templates\html\IterationHeader.tmpl" type="file" uninstall="true" rollbackEnabledCancel="true"/>
			<resource keyfile="false" name="List.tmpl" location="C:\opt\IBM\ITIM_ADT5124\templates\html\List.tmpl" type="file" uninstall="true" rollbackEnabledCancel="true"/>
			<resource keyfile="false" name="ListFooter.tmpl" location="C:\opt\IBM\ITIM_ADT5124\templates\html\ListFooter.tmpl" type="file" uninstall="true" rollbackEnabledCancel="true"/>
			<resource keyfile="false" name="ListHeader.tmpl" location="C:\opt\IBM\ITIM_ADT5124\templates\html\ListHeader.tmpl" type="file" uninstall="true" rollbackEnabledCancel="true"/>
			<resource keyfile="false" name="ListItem.tmpl" location="C:\opt\IBM\ITIM_ADT5124\templates\html\ListItem.tmpl" type="file" uninstall="true" rollbackEnabledCancel="true"/>
			<resource keyfile="false" name="Report.tmpl" location="C:\opt\IBM\ITIM_ADT5124\templates\html\Report.tmpl" type="file" uninstall="true" rollbackEnabledCancel="true"/>
			<resource keyfile="false" name="Section.tmpl" location="C:\opt\IBM\ITIM_ADT5124\templates\html\Section.tmpl" type="file" uninstall="true" rollbackEnabledCancel="true"/>
			<resource keyfile="false" name="SectionAttribute.tmpl" location="C:\opt\IBM\ITIM_ADT5124\templates\html\SectionAttribute.tmpl" type="file" uninstall="true" rollbackEnabledCancel="true"/>
			<resource keyfile="false" name="SectionAttributeFooter.tmpl" location="C:\opt\IBM\ITIM_ADT5124\templates\html\SectionAttributeFooter.tmpl" type="file" uninstall="true" rollbackEnabledCancel="true"/>
			<resource keyfile="false" name="SectionAttributeHeader.tmpl" location="C:\opt\IBM\ITIM_ADT5124\templates\html\SectionAttributeHeader.tmpl" type="file" uninstall="true" rollbackEnabledCancel="true"/>
			<resource keyfile="false" name="SectionFooter.tmpl" location="C:\opt\IBM\ITIM_ADT5124\templates\html\SectionFooter.tmpl" type="file" uninstall="true" rollbackEnabledCancel="true"/>
			<resource keyfile="false" name="SectionHeader.tmpl" location="C:\opt\IBM\ITIM_ADT5124\templates\html\SectionHeader.tmpl" type="file" uninstall="true" rollbackEnabledCancel="true"/>
			<resource keyfile="false" name="Table.tmpl" location="C:\opt\IBM\ITIM_ADT5124\templates\html\Table.tmpl" type="file" uninstall="true" rollbackEnabledCancel="true"/>
			<resource keyfile="false" name="TableColumn.tmpl" location="C:\opt\IBM\ITIM_ADT5124\templates\html\TableColumn.tmpl" type="file" uninstall="true" rollbackEnabledCancel="true"/>
			<resource keyfile="false" name="TableColumnFooter.tmpl" location="C:\opt\IBM\ITIM_ADT5124\templates\html\TableColumnFooter.tmpl" type="file" uninstall="true" rollbackEnabledCancel="true"/>
			<resource keyfile="false" name="TableColumnHeader.tmpl" location="C:\opt\IBM\ITIM_ADT5124\templates\html\TableColumnHeader.tmpl" type="file" uninstall="true" rollbackEnabledCancel="true"/>
			<resource keyfile="false" name="TableFooter.tmpl" location="C:\opt\IBM\ITIM_ADT5124\templates\html\TableFooter.tmpl" type="file" uninstall="true" rollbackEnabledCancel="true"/>
			<resource keyfile="false" name="TableHeader.tmpl" location="C:\opt\IBM\ITIM_ADT5124\templates\html\TableHeader.tmpl" type="file" uninstall="true" rollbackEnabledCancel="true"/>
			<resource keyfile="false" name="TableRow.tmpl" location="C:\opt\IBM\ITIM_ADT5124\templates\html\TableRow.tmpl" type="file" uninstall="true" rollbackEnabledCancel="true"/>
			<resource keyfile="false" name="TableRowFooter.tmpl" location="C:\opt\IBM\ITIM_ADT5124\templates\html\TableRowFooter.tmpl" type="file" uninstall="true" rollbackEnabledCancel="true"/>
			<resource keyfile="false" name="TableRowHeader.tmpl" location="C:\opt\IBM\ITIM_ADT5124\templates\html\TableRowHeader.tmpl" type="file" uninstall="true" rollbackEnabledCancel="true"/>
			<resource keyfile="false" name="TOCSection.tmpl" location="C:\opt\IBM\ITIM_ADT5124\templates\html\TOCSection.tmpl" type="file" uninstall="true" rollbackEnabledCancel="true"/>
			<resource keyfile="false" name="TOCSectionFooter.tmpl" location="C:\opt\IBM\ITIM_ADT5124\templates\html\TOCSectionFooter.tmpl" type="file" uninstall="true" rollbackEnabledCancel="true"/>
			<resource keyfile="false" name="TOCSectionHeader.tmpl" location="C:\opt\IBM\ITIM_ADT5124\templates\html\TOCSectionHeader.tmpl" type="file" uninstall="true" rollbackEnabledCancel="true"/>
			<resource keyfile="false" name="TreeFooter.tmpl" location="C:\opt\IBM\ITIM_ADT5124\templates\html\TreeFooter.tmpl" type="file" uninstall="true" rollbackEnabledCancel="true"/>
			<resource keyfile="false" name="TreeHeader.tmpl" location="C:\opt\IBM\ITIM_ADT5124\templates\html\TreeHeader.tmpl" type="file" uninstall="true" rollbackEnabledCancel="true"/>
			<resource keyfile="false" name="TreeNode.tmpl" location="C:\opt\IBM\ITIM_ADT5124\templates\html\TreeNode.tmpl" type="file" uninstall="true" rollbackEnabledCancel="true"/>
			<resource keyfile="false" name="TreeNodeFooter.tmpl" location="C:\opt\IBM\ITIM_ADT5124\templates\html\TreeNodeFooter.tmpl" type="file" uninstall="true" rollbackEnabledCancel="true"/>
			<resource keyfile="false" name="logs" location="C:\opt\IBM\ITIM_ADT5124\logs" type="directory" uninstall="true" rollbackEnabledCancel="true">
			<![CDATA[true]]>
			</resource>
			<resource keyfile="false" name="AdapterDevelopmentTool.log" location="C:\opt\IBM\ITIM_ADT5124\logs\AdapterDevelopmentTool.log" type="file" uninstall="true" rollbackEnabledCancel="true"/>
			<resource keyfile="false" name="files" location="C:\opt\IBM\ITIM_ADT5124\files" type="directory" uninstall="true" rollbackEnabledCancel="true">
			<![CDATA[true]]>
			</resource>
			<resource keyfile="false" name=".cvsignore" location="C:\opt\IBM\ITIM_ADT5124\files\.cvsignore" type="file" uninstall="true" rollbackEnabledCancel="true"/>
			<resource keyfile="false" name="defaultscripts.js" location="C:\opt\IBM\ITIM_ADT5124\files\defaultscripts.js" type="file" uninstall="true" rollbackEnabledCancel="true"/>
			<resource keyfile="false" name="itim_attributes.dsml" location="C:\opt\IBM\ITIM_ADT5124\files\itim_attributes.dsml" type="file" uninstall="true" rollbackEnabledCancel="true"/>
			<resource keyfile="false" name="ITIM_RMI.xml" location="C:\opt\IBM\ITIM_ADT5124\files\ITIM_RMI.xml" type="file" uninstall="true" rollbackEnabledCancel="true"/>
			<resource keyfile="false" name="modified.rmi_itim_account_attrs.csv" location="C:\opt\IBM\ITIM_ADT5124\files\modified.rmi_itim_account_attrs.csv" type="file" uninstall="true" rollbackEnabledCancel="true"/>
			<resource keyfile="false" name="modified.rmi_service_attrs.csv" location="C:\opt\IBM\ITIM_ADT5124\files\modified.rmi_service_attrs.csv" type="file" uninstall="true" rollbackEnabledCancel="true"/>
			<resource keyfile="false" name="rmi_AdapterGlobalScript.js" location="C:\opt\IBM\ITIM_ADT5124\files\rmi_AdapterGlobalScript.js" type="file" uninstall="true" rollbackEnabledCancel="true"/>
			<resource keyfile="false" name="rmi_alprolog.js" location="C:\opt\IBM\ITIM_ADT5124\files\rmi_alprolog.js" type="file" uninstall="true" rollbackEnabledCancel="true"/>
			<resource keyfile="false" name="RMI_hooks" location="C:\opt\IBM\ITIM_ADT5124\files\RMI_hooks" type="directory" uninstall="true" rollbackEnabledCancel="true">
			<![CDATA[false]]>
			</resource>
			<resource keyfile="false" name="AddOnly" location="C:\opt\IBM\ITIM_ADT5124\files\RMI_hooks\AddOnly" type="directory" uninstall="true" rollbackEnabledCancel="true">
			<![CDATA[false]]>
			</resource>
			<resource keyfile="false" name="addonly_fail.js" location="C:\opt\IBM\ITIM_ADT5124\files\RMI_hooks\AddOnly\addonly_fail.js" type="file" uninstall="true" rollbackEnabledCancel="true"/>
			<resource keyfile="false" name="addonly_ok.js" location="C:\opt\IBM\ITIM_ADT5124\files\RMI_hooks\AddOnly\addonly_ok.js" type="file" uninstall="true" rollbackEnabledCancel="true"/>
			<resource keyfile="false" name="default_fail.js" location="C:\opt\IBM\ITIM_ADT5124\files\RMI_hooks\AddOnly\default_fail.js" type="file" uninstall="true" rollbackEnabledCancel="true"/>
			<resource keyfile="false" name="initialize_fail.js" location="C:\opt\IBM\ITIM_ADT5124\files\RMI_hooks\AddOnly\initialize_fail.js" type="file" uninstall="true" rollbackEnabledCancel="true"/>
			<resource keyfile="false" name="CallReply" location="C:\opt\IBM\ITIM_ADT5124\files\RMI_hooks\CallReply" type="directory" uninstall="true" rollbackEnabledCancel="true">
			<![CDATA[false]]>
			</resource>
			<resource keyfile="false" name="default_fail.js" location="C:\opt\IBM\ITIM_ADT5124\files\RMI_hooks\CallReply\default_fail.js" type="file" uninstall="true" rollbackEnabledCancel="true"/>
			<resource keyfile="false" name="initialize_fail.js" location="C:\opt\IBM\ITIM_ADT5124\files\RMI_hooks\CallReply\initialize_fail.js" type="file" uninstall="true" rollbackEnabledCancel="true"/>
			<resource keyfile="false" name="Delete" location="C:\opt\IBM\ITIM_ADT5124\files\RMI_hooks\Delete" type="directory" uninstall="true" rollbackEnabledCancel="true">
			<![CDATA[false]]>
			</resource>
			<resource keyfile="false" name="default_fail.js" location="C:\opt\IBM\ITIM_ADT5124\files\RMI_hooks\Delete\default_fail.js" type="file" uninstall="true" rollbackEnabledCancel="true"/>
			<resource keyfile="false" name="delete_fail.js" location="C:\opt\IBM\ITIM_ADT5124\files\RMI_hooks\Delete\delete_fail.js" type="file" uninstall="true" rollbackEnabledCancel="true"/>
			<resource keyfile="false" name="delete_ok.js" location="C:\opt\IBM\ITIM_ADT5124\files\RMI_hooks\Delete\delete_ok.js" type="file" uninstall="true" rollbackEnabledCancel="true"/>
			<resource keyfile="false" name="initialize_fail.js" location="C:\opt\IBM\ITIM_ADT5124\files\RMI_hooks\Delete\initialize_fail.js" type="file" uninstall="true" rollbackEnabledCancel="true"/>
			<resource keyfile="false" name="Delta" location="C:\opt\IBM\ITIM_ADT5124\files\RMI_hooks\Delta" type="directory" uninstall="true" rollbackEnabledCancel="true">
			<![CDATA[false]]>
			</resource>
			<resource keyfile="false" name="default_fail.js" location="C:\opt\IBM\ITIM_ADT5124\files\RMI_hooks\Delta\default_fail.js" type="file" uninstall="true" rollbackEnabledCancel="true"/>
			<resource keyfile="false" name="initialize_fail.js" location="C:\opt\IBM\ITIM_ADT5124\files\RMI_hooks\Delta\initialize_fail.js" type="file" uninstall="true" rollbackEnabledCancel="true"/>
			<resource keyfile="false" name="Iterator" location="C:\opt\IBM\ITIM_ADT5124\files\RMI_hooks\Iterator" type="directory" uninstall="true" rollbackEnabledCancel="true">
			<![CDATA[false]]>
			</resource>
			<resource keyfile="false" name="default_fail.js" location="C:\opt\IBM\ITIM_ADT5124\files\RMI_hooks\Iterator\default_fail.js" type="file" uninstall="true" rollbackEnabledCancel="true"/>
			<resource keyfile="false" name="get_fail.js" location="C:\opt\IBM\ITIM_ADT5124\files\RMI_hooks\Iterator\get_fail.js" type="file" uninstall="true" rollbackEnabledCancel="true"/>
			<resource keyfile="false" name="get_ok.js" location="C:\opt\IBM\ITIM_ADT5124\files\RMI_hooks\Iterator\get_ok.js" type="file" uninstall="true" rollbackEnabledCancel="true"/>
			<resource keyfile="false" name="initialize_fail.js" location="C:\opt\IBM\ITIM_ADT5124\files\RMI_hooks\Iterator\initialize_fail.js" type="file" uninstall="true" rollbackEnabledCancel="true"/>
			<resource keyfile="false" name="Lookup" location="C:\opt\IBM\ITIM_ADT5124\files\RMI_hooks\Lookup" type="directory" uninstall="true" rollbackEnabledCancel="true">
			<![CDATA[false]]>
			</resource>
			<resource keyfile="false" name="default_fail.js" location="C:\opt\IBM\ITIM_ADT5124\files\RMI_hooks\Lookup\default_fail.js" type="file" uninstall="true" rollbackEnabledCancel="true"/>
			<resource keyfile="false" name="initialize_fail.js" location="C:\opt\IBM\ITIM_ADT5124\files\RMI_hooks\Lookup\initialize_fail.js" type="file" uninstall="true" rollbackEnabledCancel="true"/>
			<resource keyfile="false" name="Server" location="C:\opt\IBM\ITIM_ADT5124\files\RMI_hooks\Server" type="directory" uninstall="true" rollbackEnabledCancel="true">
			<![CDATA[false]]>
			</resource>
			<resource keyfile="false" name="default_fail.js" location="C:\opt\IBM\ITIM_ADT5124\files\RMI_hooks\Server\default_fail.js" type="file" uninstall="true" rollbackEnabledCancel="true"/>
			<resource keyfile="false" name="initialize_fail.js" location="C:\opt\IBM\ITIM_ADT5124\files\RMI_hooks\Server\initialize_fail.js" type="file" uninstall="true" rollbackEnabledCancel="true"/>
			<resource keyfile="false" name="Update" location="C:\opt\IBM\ITIM_ADT5124\files\RMI_hooks\Update" type="directory" uninstall="true" rollbackEnabledCancel="true">
			<![CDATA[false]]>
			</resource>
			<resource keyfile="false" name="before_execute.js" location="C:\opt\IBM\ITIM_ADT5124\files\RMI_hooks\Update\before_execute.js" type="file" uninstall="true" rollbackEnabledCancel="true"/>
			<resource keyfile="false" name="before_modify.js" location="C:\opt\IBM\ITIM_ADT5124\files\RMI_hooks\Update\before_modify.js" type="file" uninstall="true" rollbackEnabledCancel="true"/>
			<resource keyfile="false" name="default_fail.js" location="C:\opt\IBM\ITIM_ADT5124\files\RMI_hooks\Update\default_fail.js" type="file" uninstall="true" rollbackEnabledCancel="true"/>
			<resource keyfile="false" name="initialize_fail.js" location="C:\opt\IBM\ITIM_ADT5124\files\RMI_hooks\Update\initialize_fail.js" type="file" uninstall="true" rollbackEnabledCancel="true"/>
			<resource keyfile="false" name="override_add.js" location="C:\opt\IBM\ITIM_ADT5124\files\RMI_hooks\Update\override_add.js" type="file" uninstall="true" rollbackEnabledCancel="true"/>
			<resource keyfile="false" name="update_fail.js" location="C:\opt\IBM\ITIM_ADT5124\files\RMI_hooks\Update\update_fail.js" type="file" uninstall="true" rollbackEnabledCancel="true"/>
			<resource keyfile="false" name="update_ok.js" location="C:\opt\IBM\ITIM_ADT5124\files\RMI_hooks\Update\update_ok.js" type="file" uninstall="true" rollbackEnabledCancel="true"/>
			<resource keyfile="false" name="rmi_itim_account_attrs.csv" location="C:\opt\IBM\ITIM_ADT5124\files\rmi_itim_account_attrs.csv" type="file" uninstall="true" rollbackEnabledCancel="true"/>
			<resource keyfile="false" name="rmi_service_attrs.csv" location="C:\opt\IBM\ITIM_ADT5124\files\rmi_service_attrs.csv" type="file" uninstall="true" rollbackEnabledCancel="true"/>
			<resource keyfile="false" name="ScriptLibrary" location="C:\opt\IBM\ITIM_ADT5124\files\ScriptLibrary" type="directory" uninstall="true" rollbackEnabledCancel="true">
			<![CDATA[false]]>
			</resource>
			<resource keyfile="false" name="LDAP_Set_uid_onOutput.js" location="C:\opt\IBM\ITIM_ADT5124\files\ScriptLibrary\LDAP_Set_uid_onOutput.js" type="file" uninstall="true" rollbackEnabledCancel="true"/>
			<resource keyfile="false" name="Set_eruid_onInput.js" location="C:\opt\IBM\ITIM_ADT5124\files\ScriptLibrary\Set_eruid_onInput.js" type="file" uninstall="true" rollbackEnabledCancel="true"/>
			<resource keyfile="false" name="Set_ITIM_AccountClass.js" location="C:\opt\IBM\ITIM_ADT5124\files\ScriptLibrary\Set_ITIM_AccountClass.js" type="file" uninstall="true" rollbackEnabledCancel="true"/>
			<resource keyfile="false" name="test_before_execute.js" location="C:\opt\IBM\ITIM_ADT5124\files\test_before_execute.js" type="file" uninstall="true" rollbackEnabledCancel="true"/>
			<resource keyfile="false" name="test_override_add.js" location="C:\opt\IBM\ITIM_ADT5124\files\test_override_add.js" type="file" uninstall="true" rollbackEnabledCancel="true"/>
			<resource keyfile="false" name="data" location="C:\opt\IBM\ITIM_ADT5124\data" type="directory" uninstall="true" rollbackEnabledCancel="true">
			<![CDATA[true]]>
			</resource>
			<resource keyfile="false" name="AdapterReportDefinition.xml" location="C:\opt\IBM\ITIM_ADT5124\data\AdapterReportDefinition.xml" type="file" uninstall="true" rollbackEnabledCancel="true"/>
			<resource keyfile="false" name="ADTCustomStyles.css" location="C:\opt\IBM\ITIM_ADT5124\data\ADTCustomStyles.css" type="file" uninstall="true" rollbackEnabledCancel="true"/>
			<resource keyfile="false" name="DocToolStyles.xml" location="C:\opt\IBM\ITIM_ADT5124\data\DocToolStyles.xml" type="file" uninstall="true" rollbackEnabledCancel="true"/>
			<resource keyfile="false" name="license" location="C:\opt\IBM\ITIM_ADT5124\license" type="directory" uninstall="true" rollbackEnabledCancel="true">
			<![CDATA[true]]>
			</resource>
			<resource keyfile="false" name="LA_cs" location="C:\opt\IBM\ITIM_ADT5124\license\LA_cs" type="file" uninstall="true" rollbackEnabledCancel="true"/>
			<resource keyfile="false" name="LA_de" location="C:\opt\IBM\ITIM_ADT5124\license\LA_de" type="file" uninstall="true" rollbackEnabledCancel="true"/>
			<resource keyfile="false" name="LA_el" location="C:\opt\IBM\ITIM_ADT5124\license\LA_el" type="file" uninstall="true" rollbackEnabledCancel="true"/>
			<resource keyfile="false" name="LA_en" location="C:\opt\IBM\ITIM_ADT5124\license\LA_en" type="file" uninstall="true" rollbackEnabledCancel="true"/>
			<resource keyfile="false" name="LA_es" location="C:\opt\IBM\ITIM_ADT5124\license\LA_es" type="file" uninstall="true" rollbackEnabledCancel="true"/>
			<resource keyfile="false" name="LA_fr" location="C:\opt\IBM\ITIM_ADT5124\license\LA_fr" type="file" uninstall="true" rollbackEnabledCancel="true"/>
			<resource keyfile="false" name="LA_it" location="C:\opt\IBM\ITIM_ADT5124\license\LA_it" type="file" uninstall="true" rollbackEnabledCancel="true"/>
			<resource keyfile="false" name="LA_ja" location="C:\opt\IBM\ITIM_ADT5124\license\LA_ja" type="file" uninstall="true" rollbackEnabledCancel="true"/>
			<resource keyfile="false" name="LA_ko" location="C:\opt\IBM\ITIM_ADT5124\license\LA_ko" type="file" uninstall="true" rollbackEnabledCancel="true"/>
			<resource keyfile="false" name="LA_lt" location="C:\opt\IBM\ITIM_ADT5124\license\LA_lt" type="file" uninstall="true" rollbackEnabledCancel="true"/>
			<resource keyfile="false" name="LA_pl" location="C:\opt\IBM\ITIM_ADT5124\license\LA_pl" type="file" uninstall="true" rollbackEnabledCancel="true"/>
			<resource keyfile="false" name="LA_pt" location="C:\opt\IBM\ITIM_ADT5124\license\LA_pt" type="file" uninstall="true" rollbackEnabledCancel="true"/>
			<resource keyfile="false" name="LA_ru" location="C:\opt\IBM\ITIM_ADT5124\license\LA_ru" type="file" uninstall="true" rollbackEnabledCancel="true"/>
			<resource keyfile="false" name="LA_sl" location="C:\opt\IBM\ITIM_ADT5124\license\LA_sl" type="file" uninstall="true" rollbackEnabledCancel="true"/>
			<resource keyfile="false" name="LA_tr" location="C:\opt\IBM\ITIM_ADT5124\license\LA_tr" type="file" uninstall="true" rollbackEnabledCancel="true"/>
			<resource keyfile="false" name="LA_zh" location="C:\opt\IBM\ITIM_ADT5124\license\LA_zh" type="file" uninstall="true" rollbackEnabledCancel="true"/>
			<resource keyfile="false" name="LA_zh_TW" location="C:\opt\IBM\ITIM_ADT5124\license\LA_zh_TW" type="file" uninstall="true" rollbackEnabledCancel="true"/>
			<resource keyfile="false" name="LI_cs" location="C:\opt\IBM\ITIM_ADT5124\license\LI_cs" type="file" uninstall="true" rollbackEnabledCancel="true"/>
			<resource keyfile="false" name="LI_de" location="C:\opt\IBM\ITIM_ADT5124\license\LI_de" type="file" uninstall="true" rollbackEnabledCancel="true"/>
			<resource keyfile="false" name="LI_el" location="C:\opt\IBM\ITIM_ADT5124\license\LI_el" type="file" uninstall="true" rollbackEnabledCancel="true"/>
			<resource keyfile="false" name="LI_en" location="C:\opt\IBM\ITIM_ADT5124\license\LI_en" type="file" uninstall="true" rollbackEnabledCancel="true"/>
			<resource keyfile="false" name="LI_es" location="C:\opt\IBM\ITIM_ADT5124\license\LI_es" type="file" uninstall="true" rollbackEnabledCancel="true"/>
			<resource keyfile="false" name="LI_fr" location="C:\opt\IBM\ITIM_ADT5124\license\LI_fr" type="file" uninstall="true" rollbackEnabledCancel="true"/>
			<resource keyfile="false" name="LI_it" location="C:\opt\IBM\ITIM_ADT5124\license\LI_it" type="file" uninstall="true" rollbackEnabledCancel="true"/>
			<resource keyfile="false" name="LI_ja" location="C:\opt\IBM\ITIM_ADT5124\license\LI_ja" type="file" uninstall="true" rollbackEnabledCancel="true"/>
			<resource keyfile="false" name="LI_ko" location="C:\opt\IBM\ITIM_ADT5124\license\LI_ko" type="file" uninstall="true" rollbackEnabledCancel="true"/>
			<resource keyfile="false" name="LI_lt" location="C:\opt\IBM\ITIM_ADT5124\license\LI_lt" type="file" uninstall="true" rollbackEnabledCancel="true"/>
			<resource keyfile="false" name="LI_pl" location="C:\opt\IBM\ITIM_ADT5124\license\LI_pl" type="file" uninstall="true" rollbackEnabledCancel="true"/>
			<resource keyfile="false" name="LI_pt" location="C:\opt\IBM\ITIM_ADT5124\license\LI_pt" type="file" uninstall="true" rollbackEnabledCancel="true"/>
			<resource keyfile="false" name="LI_ru" location="C:\opt\IBM\ITIM_ADT5124\license\LI_ru" type="file" uninstall="true" rollbackEnabledCancel="true"/>
			<resource keyfile="false" name="LI_sl" location="C:\opt\IBM\ITIM_ADT5124\license\LI_sl" type="file" uninstall="true" rollbackEnabledCancel="true"/>
			<resource keyfile="false" name="LI_tr" location="C:\opt\IBM\ITIM_ADT5124\license\LI_tr" type="file" uninstall="true" rollbackEnabledCancel="true"/>
			<resource keyfile="false" name="LI_zh" location="C:\opt\IBM\ITIM_ADT5124\license\LI_zh" type="file" uninstall="true" rollbackEnabledCancel="true"/>
			<resource keyfile="false" name="LI_zh_TW" location="C:\opt\IBM\ITIM_ADT5124\license\LI_zh_TW" type="file" uninstall="true" rollbackEnabledCancel="true"/>
			<resource keyfile="false" name="notices" location="C:\opt\IBM\ITIM_ADT5124\license\notices" type="file" uninstall="true" rollbackEnabledCancel="true"/>
			<resource keyfile="false" name="AdapterDevelopmentTool.properties" location="C:\opt\IBM\ITIM_ADT5124\AdapterDevelopmentTool.properties" type="file" uninstall="true" rollbackEnabledCancel="true"/>
			<resource keyfile="false" name="AdapterDevelopmentToolSettings.xml" location="C:\opt\IBM\ITIM_ADT5124\AdapterDevelopmentToolSettings.xml" type="file" uninstall="true" rollbackEnabledCancel="true"/>
			<resource keyfile="false" name="idisrv.sth" location="C:\opt\IBM\ITIM_ADT5124\idisrv.sth" type="file" uninstall="true" rollbackEnabledCancel="true"/>
			<resource keyfile="false" name="log4j.properties" location="C:\opt\IBM\ITIM_ADT5124\log4j.properties" type="file" uninstall="true" rollbackEnabledCancel="true"/>
			<resource keyfile="false" name="ReleaseNotes_5.1.doc" location="C:\opt\IBM\ITIM_ADT5124\ReleaseNotes_5.1.doc" type="file" uninstall="true" rollbackEnabledCancel="true"/>
			<resource keyfile="false" name="ReleaseNotes_5.1.txt" location="C:\opt\IBM\ITIM_ADT5124\ReleaseNotes_5.1.txt" type="file" uninstall="true" rollbackEnabledCancel="true"/>
			<resource keyfile="false" name="ITIMAdapterDevelopmentTool.ini" location="C:\opt\IBM\ITIM_ADT5124\ITIMAdapterDevelopmentTool.ini" type="file" uninstall="true" rollbackEnabledCancel="true"/>
			<resource keyfile="false" name="ITIMAdapterDevelopmentTool.exe" location="C:\opt\IBM\ITIM_ADT5124\ITIMAdapterDevelopmentTool.exe" type="file" uninstall="true" rollbackEnabledCancel="true"/>
			<resource keyfile="false" name="plugins" location="C:\opt\IBM\ITIM_ADT5124\plugins" type="directory" uninstall="true" rollbackEnabledCancel="true">
			<![CDATA[true]]>
			</resource>
			<resource keyfile="false" name="com.ibm.icu_4.2.1.v20100412.jar" location="C:\opt\IBM\ITIM_ADT5124\plugins\com.ibm.icu_4.2.1.v20100412.jar" type="file" uninstall="true" rollbackEnabledCancel="true"/>
			<resource keyfile="false" name="com.ibm.itim.tools.adt_5.1.2.jar" location="C:\opt\IBM\ITIM_ADT5124\plugins\com.ibm.itim.tools.adt_5.1.2.jar" type="file" uninstall="true" rollbackEnabledCancel="true"/>
			<resource keyfile="false" name="com.ibm.tdi7.loader_1.0.0.jar" location="C:\opt\IBM\ITIM_ADT5124\plugins\com.ibm.tdi7.loader_1.0.0.jar" type="file" uninstall="true" rollbackEnabledCancel="true"/>
			<resource keyfile="false" name="javax.servlet.jsp_2.0.0.v200806031607.jar" location="C:\opt\IBM\ITIM_ADT5124\plugins\javax.servlet.jsp_2.0.0.v200806031607.jar" type="file" uninstall="true" rollbackEnabledCancel="true"/>
			<resource keyfile="false" name="javax.servlet_2.5.0.v200910301333.jar" location="C:\opt\IBM\ITIM_ADT5124\plugins\javax.servlet_2.5.0.v200910301333.jar" type="file" uninstall="true" rollbackEnabledCancel="true"/>
			<resource keyfile="false" name="org.apache.ant_1.7.1.v20100518-1145" location="C:\opt\IBM\ITIM_ADT5124\plugins\org.apache.ant_1.7.1.v20100518-1145" type="directory" uninstall="true" rollbackEnabledCancel="true">
			<![CDATA[false]]>
			</resource>
			<resource keyfile="false" name="about.html" location="C:\opt\IBM\ITIM_ADT5124\plugins\org.apache.ant_1.7.1.v20100518-1145\about.html" type="file" uninstall="true" rollbackEnabledCancel="true"/>
			<resource keyfile="false" name="about_files" location="C:\opt\IBM\ITIM_ADT5124\plugins\org.apache.ant_1.7.1.v20100518-1145\about_files" type="directory" uninstall="true" rollbackEnabledCancel="true">
			<![CDATA[false]]>
			</resource>
			<resource keyfile="false" name="asl-v20.txt" location="C:\opt\IBM\ITIM_ADT5124\plugins\org.apache.ant_1.7.1.v20100518-1145\about_files\asl-v20.txt" type="file" uninstall="true" rollbackEnabledCancel="true"/>
			<resource keyfile="false" name="LICENSE.dom.html" location="C:\opt\IBM\ITIM_ADT5124\plugins\org.apache.ant_1.7.1.v20100518-1145\about_files\LICENSE.dom.html" type="file" uninstall="true" rollbackEnabledCancel="true"/>
			<resource keyfile="false" name="LICENSE.sax.txt" location="C:\opt\IBM\ITIM_ADT5124\plugins\org.apache.ant_1.7.1.v20100518-1145\about_files\LICENSE.sax.txt" type="file" uninstall="true" rollbackEnabledCancel="true"/>
			<resource keyfile="false" name="NOTICE" location="C:\opt\IBM\ITIM_ADT5124\plugins\org.apache.ant_1.7.1.v20100518-1145\about_files\NOTICE" type="file" uninstall="true" rollbackEnabledCancel="true"/>
			<resource keyfile="false" name="bin" location="C:\opt\IBM\ITIM_ADT5124\plugins\org.apache.ant_1.7.1.v20100518-1145\bin" type="directory" uninstall="true" rollbackEnabledCancel="true">
			<![CDATA[false]]>
			</resource>
			<resource keyfile="false" name="ant" location="C:\opt\IBM\ITIM_ADT5124\plugins\org.apache.ant_1.7.1.v20100518-1145\bin\ant" type="file" uninstall="true" rollbackEnabledCancel="true"/>
			<resource keyfile="false" name="ant.bat" location="C:\opt\IBM\ITIM_ADT5124\plugins\org.apache.ant_1.7.1.v20100518-1145\bin\ant.bat" type="file" uninstall="true" rollbackEnabledCancel="true"/>
			<resource keyfile="false" name="ant.cmd" location="C:\opt\IBM\ITIM_ADT5124\plugins\org.apache.ant_1.7.1.v20100518-1145\bin\ant.cmd" type="file" uninstall="true" rollbackEnabledCancel="true"/>
			<resource keyfile="false" name="antenv.cmd" location="C:\opt\IBM\ITIM_ADT5124\plugins\org.apache.ant_1.7.1.v20100518-1145\bin\antenv.cmd" type="file" uninstall="true" rollbackEnabledCancel="true"/>
			<resource keyfile="false" name="antRun" location="C:\opt\IBM\ITIM_ADT5124\plugins\org.apache.ant_1.7.1.v20100518-1145\bin\antRun" type="file" uninstall="true" rollbackEnabledCancel="true"/>
			<resource keyfile="false" name="antRun.bat" location="C:\opt\IBM\ITIM_ADT5124\plugins\org.apache.ant_1.7.1.v20100518-1145\bin\antRun.bat" type="file" uninstall="true" rollbackEnabledCancel="true"/>
			<resource keyfile="false" name="antRun.pl" location="C:\opt\IBM\ITIM_ADT5124\plugins\org.apache.ant_1.7.1.v20100518-1145\bin\antRun.pl" type="file" uninstall="true" rollbackEnabledCancel="true"/>
			<resource keyfile="false" name="complete-ant-cmd.pl" location="C:\opt\IBM\ITIM_ADT5124\plugins\org.apache.ant_1.7.1.v20100518-1145\bin\complete-ant-cmd.pl" type="file" uninstall="true" rollbackEnabledCancel="true"/>
			<resource keyfile="false" name="envset.cmd" location="C:\opt\IBM\ITIM_ADT5124\plugins\org.apache.ant_1.7.1.v20100518-1145\bin\envset.cmd" type="file" uninstall="true" rollbackEnabledCancel="true"/>
			<resource keyfile="false" name="lcp.bat" location="C:\opt\IBM\ITIM_ADT5124\plugins\org.apache.ant_1.7.1.v20100518-1145\bin\lcp.bat" type="file" uninstall="true" rollbackEnabledCancel="true"/>
			<resource keyfile="false" name="runant.pl" location="C:\opt\IBM\ITIM_ADT5124\plugins\org.apache.ant_1.7.1.v20100518-1145\bin\runant.pl" type="file" uninstall="true" rollbackEnabledCancel="true"/>
			<resource keyfile="false" name="runant.py" location="C:\opt\IBM\ITIM_ADT5124\plugins\org.apache.ant_1.7.1.v20100518-1145\bin\runant.py" type="file" uninstall="true" rollbackEnabledCancel="true"/>
			<resource keyfile="false" name="runrc.cmd" location="C:\opt\IBM\ITIM_ADT5124\plugins\org.apache.ant_1.7.1.v20100518-1145\bin\runrc.cmd" type="file" uninstall="true" rollbackEnabledCancel="true"/>
			<resource keyfile="false" name="etc" location="C:\opt\IBM\ITIM_ADT5124\plugins\org.apache.ant_1.7.1.v20100518-1145\etc" type="directory" uninstall="true" rollbackEnabledCancel="true">
			<![CDATA[false]]>
			</resource>
			<resource keyfile="false" name="changelog.xsl" location="C:\opt\IBM\ITIM_ADT5124\plugins\org.apache.ant_1.7.1.v20100518-1145\etc\changelog.xsl" type="file" uninstall="true" rollbackEnabledCancel="true"/>
			<resource keyfile="false" name="checkstyle" location="C:\opt\IBM\ITIM_ADT5124\plugins\org.apache.ant_1.7.1.v20100518-1145\etc\checkstyle" type="directory" uninstall="true" rollbackEnabledCancel="true">
			<![CDATA[false]]>
			</resource>
			<resource keyfile="false" name="checkstyle-frames.xsl" location="C:\opt\IBM\ITIM_ADT5124\plugins\org.apache.ant_1.7.1.v20100518-1145\etc\checkstyle\checkstyle-frames.xsl" type="file" uninstall="true" rollbackEnabledCancel="true"/>
			<resource keyfile="false" name="checkstyle-text.xsl" location="C:\opt\IBM\ITIM_ADT5124\plugins\org.apache.ant_1.7.1.v20100518-1145\etc\checkstyle\checkstyle-text.xsl" type="file" uninstall="true" rollbackEnabledCancel="true"/>
			<resource keyfile="false" name="checkstyle-xdoc.xsl" location="C:\opt\IBM\ITIM_ADT5124\plugins\org.apache.ant_1.7.1.v20100518-1145\etc\checkstyle\checkstyle-xdoc.xsl" type="file" uninstall="true" rollbackEnabledCancel="true"/>
			<resource keyfile="false" name="coverage-frames.xsl" location="C:\opt\IBM\ITIM_ADT5124\plugins\org.apache.ant_1.7.1.v20100518-1145\etc\coverage-frames.xsl" type="file" uninstall="true" rollbackEnabledCancel="true"/>
			<resource keyfile="false" name="jdepend-frames.xsl" location="C:\opt\IBM\ITIM_ADT5124\plugins\org.apache.ant_1.7.1.v20100518-1145\etc\jdepend-frames.xsl" type="file" uninstall="true" rollbackEnabledCancel="true"/>
			<resource keyfile="false" name="jdepend.xsl" location="C:\opt\IBM\ITIM_ADT5124\plugins\org.apache.ant_1.7.1.v20100518-1145\etc\jdepend.xsl" type="file" uninstall="true" rollbackEnabledCancel="true"/>
			<resource keyfile="false" name="junit-frames-xalan1.xsl" location="C:\opt\IBM\ITIM_ADT5124\plugins\org.apache.ant_1.7.1.v20100518-1145\etc\junit-frames-xalan1.xsl" type="file" uninstall="true" rollbackEnabledCancel="true"/>
			<resource keyfile="false" name="junit-frames.xsl" location="C:\opt\IBM\ITIM_ADT5124\plugins\org.apache.ant_1.7.1.v20100518-1145\etc\junit-frames.xsl" type="file" uninstall="true" rollbackEnabledCancel="true"/>
			<resource keyfile="false" name="junit-noframes.xsl" location="C:\opt\IBM\ITIM_ADT5124\plugins\org.apache.ant_1.7.1.v20100518-1145\etc\junit-noframes.xsl" type="file" uninstall="true" rollbackEnabledCancel="true"/>
			<resource keyfile="false" name="log.xsl" location="C:\opt\IBM\ITIM_ADT5124\plugins\org.apache.ant_1.7.1.v20100518-1145\etc\log.xsl" type="file" uninstall="true" rollbackEnabledCancel="true"/>
			<resource keyfile="false" name="maudit-frames.xsl" location="C:\opt\IBM\ITIM_ADT5124\plugins\org.apache.ant_1.7.1.v20100518-1145\etc\maudit-frames.xsl" type="file" uninstall="true" rollbackEnabledCancel="true"/>
			<resource keyfile="false" name="mmetrics-frames.xsl" location="C:\opt\IBM\ITIM_ADT5124\plugins\org.apache.ant_1.7.1.v20100518-1145\etc\mmetrics-frames.xsl" type="file" uninstall="true" rollbackEnabledCancel="true"/>
			<resource keyfile="false" name="tagdiff.xsl" location="C:\opt\IBM\ITIM_ADT5124\plugins\org.apache.ant_1.7.1.v20100518-1145\etc\tagdiff.xsl" type="file" uninstall="true" rollbackEnabledCancel="true"/>
			<resource keyfile="false" name="lib" location="C:\opt\IBM\ITIM_ADT5124\plugins\org.apache.ant_1.7.1.v20100518-1145\lib" type="directory" uninstall="true" rollbackEnabledCancel="true">
			<![CDATA[false]]>
			</resource>
			<resource keyfile="false" name="ant-antlr.jar" location="C:\opt\IBM\ITIM_ADT5124\plugins\org.apache.ant_1.7.1.v20100518-1145\lib\ant-antlr.jar" type="file" uninstall="true" rollbackEnabledCancel="true"/>
			<resource keyfile="false" name="ant-apache-bcel.jar" location="C:\opt\IBM\ITIM_ADT5124\plugins\org.apache.ant_1.7.1.v20100518-1145\lib\ant-apache-bcel.jar" type="file" uninstall="true" rollbackEnabledCancel="true"/>
			<resource keyfile="false" name="ant-apache-bsf.jar" location="C:\opt\IBM\ITIM_ADT5124\plugins\org.apache.ant_1.7.1.v20100518-1145\lib\ant-apache-bsf.jar" type="file" uninstall="true" rollbackEnabledCancel="true"/>
			<resource keyfile="false" name="ant-apache-log4j.jar" location="C:\opt\IBM\ITIM_ADT5124\plugins\org.apache.ant_1.7.1.v20100518-1145\lib\ant-apache-log4j.jar" type="file" uninstall="true" rollbackEnabledCancel="true"/>
			<resource keyfile="false" name="ant-apache-oro.jar" location="C:\opt\IBM\ITIM_ADT5124\plugins\org.apache.ant_1.7.1.v20100518-1145\lib\ant-apache-oro.jar" type="file" uninstall="true" rollbackEnabledCancel="true"/>
			<resource keyfile="false" name="ant-apache-regexp.jar" location="C:\opt\IBM\ITIM_ADT5124\plugins\org.apache.ant_1.7.1.v20100518-1145\lib\ant-apache-regexp.jar" type="file" uninstall="true" rollbackEnabledCancel="true"/>
			<resource keyfile="false" name="ant-apache-resolver.jar" location="C:\opt\IBM\ITIM_ADT5124\plugins\org.apache.ant_1.7.1.v20100518-1145\lib\ant-apache-resolver.jar" type="file" uninstall="true" rollbackEnabledCancel="true"/>
			<resource keyfile="false" name="ant-commons-logging.jar" location="C:\opt\IBM\ITIM_ADT5124\plugins\org.apache.ant_1.7.1.v20100518-1145\lib\ant-commons-logging.jar" type="file" uninstall="true" rollbackEnabledCancel="true"/>
			<resource keyfile="false" name="ant-commons-net.jar" location="C:\opt\IBM\ITIM_ADT5124\plugins\org.apache.ant_1.7.1.v20100518-1145\lib\ant-commons-net.jar" type="file" uninstall="true" rollbackEnabledCancel="true"/>
			<resource keyfile="false" name="ant-jai.jar" location="C:\opt\IBM\ITIM_ADT5124\plugins\org.apache.ant_1.7.1.v20100518-1145\lib\ant-jai.jar" type="file" uninstall="true" rollbackEnabledCancel="true"/>
			<resource keyfile="false" name="ant-javamail.jar" location="C:\opt\IBM\ITIM_ADT5124\plugins\org.apache.ant_1.7.1.v20100518-1145\lib\ant-javamail.jar" type="file" uninstall="true" rollbackEnabledCancel="true"/>
			<resource keyfile="false" name="ant-jdepend.jar" location="C:\opt\IBM\ITIM_ADT5124\plugins\org.apache.ant_1.7.1.v20100518-1145\lib\ant-jdepend.jar" type="file" uninstall="true" rollbackEnabledCancel="true"/>
			<resource keyfile="false" name="ant-jmf.jar" location="C:\opt\IBM\ITIM_ADT5124\plugins\org.apache.ant_1.7.1.v20100518-1145\lib\ant-jmf.jar" type="file" uninstall="true" rollbackEnabledCancel="true"/>
			<resource keyfile="false" name="ant-jsch.jar" location="C:\opt\IBM\ITIM_ADT5124\plugins\org.apache.ant_1.7.1.v20100518-1145\lib\ant-jsch.jar" type="file" uninstall="true" rollbackEnabledCancel="true"/>
			<resource keyfile="false" name="ant-junit.jar" location="C:\opt\IBM\ITIM_ADT5124\plugins\org.apache.ant_1.7.1.v20100518-1145\lib\ant-junit.jar" type="file" uninstall="true" rollbackEnabledCancel="true"/>
			<resource keyfile="false" name="ant-launcher.jar" location="C:\opt\IBM\ITIM_ADT5124\plugins\org.apache.ant_1.7.1.v20100518-1145\lib\ant-launcher.jar" type="file" uninstall="true" rollbackEnabledCancel="true"/>
			<resource keyfile="false" name="ant-netrexx.jar" location="C:\opt\IBM\ITIM_ADT5124\plugins\org.apache.ant_1.7.1.v20100518-1145\lib\ant-netrexx.jar" type="file" uninstall="true" rollbackEnabledCancel="true"/>
			<resource keyfile="false" name="ant-nodeps.jar" location="C:\opt\IBM\ITIM_ADT5124\plugins\org.apache.ant_1.7.1.v20100518-1145\lib\ant-nodeps.jar" type="file" uninstall="true" rollbackEnabledCancel="true"/>
			<resource keyfile="false" name="ant-starteam.jar" location="C:\opt\IBM\ITIM_ADT5124\plugins\org.apache.ant_1.7.1.v20100518-1145\lib\ant-starteam.jar" type="file" uninstall="true" rollbackEnabledCancel="true"/>
			<resource keyfile="false" name="ant-stylebook.jar" location="C:\opt\IBM\ITIM_ADT5124\plugins\org.apache.ant_1.7.1.v20100518-1145\lib\ant-stylebook.jar" type="file" uninstall="true" rollbackEnabledCancel="true"/>
			<resource keyfile="false" name="ant-swing.jar" location="C:\opt\IBM\ITIM_ADT5124\plugins\org.apache.ant_1.7.1.v20100518-1145\lib\ant-swing.jar" type="file" uninstall="true" rollbackEnabledCancel="true"/>
			<resource keyfile="false" name="ant-trax.jar" location="C:\opt\IBM\ITIM_ADT5124\plugins\org.apache.ant_1.7.1.v20100518-1145\lib\ant-trax.jar" type="file" uninstall="true" rollbackEnabledCancel="true"/>
			<resource keyfile="false" name="ant-weblogic.jar" location="C:\opt\IBM\ITIM_ADT5124\plugins\org.apache.ant_1.7.1.v20100518-1145\lib\ant-weblogic.jar" type="file" uninstall="true" rollbackEnabledCancel="true"/>
			<resource keyfile="false" name="ant.jar" location="C:\opt\IBM\ITIM_ADT5124\plugins\org.apache.ant_1.7.1.v20100518-1145\lib\ant.jar" type="file" uninstall="true" rollbackEnabledCancel="true"/>
			<resource keyfile="false" name="META-INF" location="C:\opt\IBM\ITIM_ADT5124\plugins\org.apache.ant_1.7.1.v20100518-1145\META-INF" type="directory" uninstall="true" rollbackEnabledCancel="true">
			<![CDATA[false]]>
			</resource>
			<resource keyfile="false" name="eclipse.inf" location="C:\opt\IBM\ITIM_ADT5124\plugins\org.apache.ant_1.7.1.v20100518-1145\META-INF\eclipse.inf" type="file" uninstall="true" rollbackEnabledCancel="true"/>
			<resource keyfile="false" name="ECLIPSEF.RSA" location="C:\opt\IBM\ITIM_ADT5124\plugins\org.apache.ant_1.7.1.v20100518-1145\META-INF\ECLIPSEF.RSA" type="file" uninstall="true" rollbackEnabledCancel="true"/>
			<resource keyfile="false" name="ECLIPSEF.SF" location="C:\opt\IBM\ITIM_ADT5124\plugins\org.apache.ant_1.7.1.v20100518-1145\META-INF\ECLIPSEF.SF" type="file" uninstall="true" rollbackEnabledCancel="true"/>
			<resource keyfile="false" name="MANIFEST.MF" location="C:\opt\IBM\ITIM_ADT5124\plugins\org.apache.ant_1.7.1.v20100518-1145\META-INF\MANIFEST.MF" type="file" uninstall="true" rollbackEnabledCancel="true"/>
			<resource keyfile="false" name="plugin.properties" location="C:\opt\IBM\ITIM_ADT5124\plugins\org.apache.ant_1.7.1.v20100518-1145\plugin.properties" type="file" uninstall="true" rollbackEnabledCancel="true"/>
			<resource keyfile="false" name="org.apache.commons.el_1.0.0.v201004212143.jar" location="C:\opt\IBM\ITIM_ADT5124\plugins\org.apache.commons.el_1.0.0.v201004212143.jar" type="file" uninstall="true" rollbackEnabledCancel="true"/>
			<resource keyfile="false" name="org.apache.commons.logging_1.0.4.v201005080501.jar" location="C:\opt\IBM\ITIM_ADT5124\plugins\org.apache.commons.logging_1.0.4.v201005080501.jar" type="file" uninstall="true" rollbackEnabledCancel="true"/>
			<resource keyfile="false" name="org.apache.jasper_5.5.17.v201004212143.jar" location="C:\opt\IBM\ITIM_ADT5124\plugins\org.apache.jasper_5.5.17.v201004212143.jar" type="file" uninstall="true" rollbackEnabledCancel="true"/>
			<resource keyfile="false" name="org.apache.lucene.analysis_1.9.1.v20100518-1140.jar" location="C:\opt\IBM\ITIM_ADT5124\plugins\org.apache.lucene.analysis_1.9.1.v20100518-1140.jar" type="file" uninstall="true" rollbackEnabledCancel="true"/>
			<resource keyfile="false" name="org.apache.lucene_1.9.1.v20100518-1140.jar" location="C:\opt\IBM\ITIM_ADT5124\plugins\org.apache.lucene_1.9.1.v20100518-1140.jar" type="file" uninstall="true" rollbackEnabledCancel="true"/>
			<resource keyfile="false" name="org.eclipse.ant.core_3.2.200.v20100427.jar" location="C:\opt\IBM\ITIM_ADT5124\plugins\org.eclipse.ant.core_3.2.200.v20100427.jar" type="file" uninstall="true" rollbackEnabledCancel="true"/>
			<resource keyfile="false" name="org.eclipse.core.commands_3.6.0.I20100512-1500.jar" location="C:\opt\IBM\ITIM_ADT5124\plugins\org.eclipse.core.commands_3.6.0.I20100512-1500.jar" type="file" uninstall="true" rollbackEnabledCancel="true"/>
			<resource keyfile="false" name="org.eclipse.core.contenttype_3.4.100.v20100505-1235.jar" location="C:\opt\IBM\ITIM_ADT5124\plugins\org.eclipse.core.contenttype_3.4.100.v20100505-1235.jar" type="file" uninstall="true" rollbackEnabledCancel="true"/>
			<resource keyfile="false" name="org.eclipse.core.databinding.observable_1.3.0.I20100601-0800.jar" location="C:\opt\IBM\ITIM_ADT5124\plugins\org.eclipse.core.databinding.observable_1.3.0.I20100601-0800.jar" type="file" uninstall="true" rollbackEnabledCancel="true"/>
			<resource keyfile="false" name="org.eclipse.core.databinding.property_1.3.0.I20100601-0800.jar" location="C:\opt\IBM\ITIM_ADT5124\plugins\org.eclipse.core.databinding.property_1.3.0.I20100601-0800.jar" type="file" uninstall="true" rollbackEnabledCancel="true"/>
			<resource keyfile="false" name="org.eclipse.core.databinding_1.3.100.I20100601-0800.jar" location="C:\opt\IBM\ITIM_ADT5124\plugins\org.eclipse.core.databinding_1.3.100.I20100601-0800.jar" type="file" uninstall="true" rollbackEnabledCancel="true"/>
			<resource keyfile="false" name="org.eclipse.core.expressions_3.4.200.v20100505.jar" location="C:\opt\IBM\ITIM_ADT5124\plugins\org.eclipse.core.expressions_3.4.200.v20100505.jar" type="file" uninstall="true" rollbackEnabledCancel="true"/>
			<resource keyfile="false" name="org.eclipse.core.jobs_3.5.0.v20100515.jar" location="C:\opt\IBM\ITIM_ADT5124\plugins\org.eclipse.core.jobs_3.5.0.v20100515.jar" type="file" uninstall="true" rollbackEnabledCancel="true"/>
			<resource keyfile="false" name="org.eclipse.core.runtime.compatibility.registry_3.3.0.v20100520" location="C:\opt\IBM\ITIM_ADT5124\plugins\org.eclipse.core.runtime.compatibility.registry_3.3.0.v20100520" type="directory" uninstall="true" rollbackEnabledCancel="true">
			<![CDATA[false]]>
			</resource>
			<resource keyfile="false" name=".api_description" location="C:\opt\IBM\ITIM_ADT5124\plugins\org.eclipse.core.runtime.compatibility.registry_3.3.0.v20100520\.api_description" type="file" uninstall="true" rollbackEnabledCancel="true"/>
			<resource keyfile="false" name="about.html" location="C:\opt\IBM\ITIM_ADT5124\plugins\org.eclipse.core.runtime.compatibility.registry_3.3.0.v20100520\about.html" type="file" uninstall="true" rollbackEnabledCancel="true"/>
			<resource keyfile="false" name="fragment.properties" location="C:\opt\IBM\ITIM_ADT5124\plugins\org.eclipse.core.runtime.compatibility.registry_3.3.0.v20100520\fragment.properties" type="file" uninstall="true" rollbackEnabledCancel="true"/>
			<resource keyfile="false" name="META-INF" location="C:\opt\IBM\ITIM_ADT5124\plugins\org.eclipse.core.runtime.compatibility.registry_3.3.0.v20100520\META-INF" type="directory" uninstall="true" rollbackEnabledCancel="true">
			<![CDATA[false]]>
			</resource>
			<resource keyfile="false" name="eclipse.inf" location="C:\opt\IBM\ITIM_ADT5124\plugins\org.eclipse.core.runtime.compatibility.registry_3.3.0.v20100520\META-INF\eclipse.inf" type="file" uninstall="true" rollbackEnabledCancel="true"/>
			<resource keyfile="false" name="ECLIPSEF.RSA" location="C:\opt\IBM\ITIM_ADT5124\plugins\org.eclipse.core.runtime.compatibility.registry_3.3.0.v20100520\META-INF\ECLIPSEF.RSA" type="file" uninstall="true" rollbackEnabledCancel="true"/>
			<resource keyfile="false" name="ECLIPSEF.SF" location="C:\opt\IBM\ITIM_ADT5124\plugins\org.eclipse.core.runtime.compatibility.registry_3.3.0.v20100520\META-INF\ECLIPSEF.SF" type="file" uninstall="true" rollbackEnabledCancel="true"/>
			<resource keyfile="false" name="MANIFEST.MF" location="C:\opt\IBM\ITIM_ADT5124\plugins\org.eclipse.core.runtime.compatibility.registry_3.3.0.v20100520\META-INF\MANIFEST.MF" type="file" uninstall="true" rollbackEnabledCancel="true"/>
			<resource keyfile="false" name="runtime_registry_compatibility.jar" location="C:\opt\IBM\ITIM_ADT5124\plugins\org.eclipse.core.runtime.compatibility.registry_3.3.0.v20100520\runtime_registry_compatibility.jar" type="file" uninstall="true" rollbackEnabledCancel="true"/>
			<resource keyfile="false" name="org.eclipse.core.runtime_3.6.0.v20100505.jar" location="C:\opt\IBM\ITIM_ADT5124\plugins\org.eclipse.core.runtime_3.6.0.v20100505.jar" type="file" uninstall="true" rollbackEnabledCancel="true"/>
			<resource keyfile="false" name="org.eclipse.core.variables_3.2.400.v20100505.jar" location="C:\opt\IBM\ITIM_ADT5124\plugins\org.eclipse.core.variables_3.2.400.v20100505.jar" type="file" uninstall="true" rollbackEnabledCancel="true"/>
			<resource keyfile="false" name="org.eclipse.equinox.app_1.3.0.v20100512.jar" location="C:\opt\IBM\ITIM_ADT5124\plugins\org.eclipse.equinox.app_1.3.0.v20100512.jar" type="file" uninstall="true" rollbackEnabledCancel="true"/>
			<resource keyfile="false" name="org.eclipse.equinox.common_3.6.0.v20100503.jar" location="C:\opt\IBM\ITIM_ADT5124\plugins\org.eclipse.equinox.common_3.6.0.v20100503.jar" type="file" uninstall="true" rollbackEnabledCancel="true"/>
			<resource keyfile="false" name="org.eclipse.equinox.http.jetty_2.0.0.v20100503.jar" location="C:\opt\IBM\ITIM_ADT5124\plugins\org.eclipse.equinox.http.jetty_2.0.0.v20100503.jar" type="file" uninstall="true" rollbackEnabledCancel="true"/>
			<resource keyfile="false" name="org.eclipse.equinox.http.registry_1.1.0.v20100503.jar" location="C:\opt\IBM\ITIM_ADT5124\plugins\org.eclipse.equinox.http.registry_1.1.0.v20100503.jar" type="file" uninstall="true" rollbackEnabledCancel="true"/>
			<resource keyfile="false" name="org.eclipse.equinox.http.servlet_1.1.0.v20100503.jar" location="C:\opt\IBM\ITIM_ADT5124\plugins\org.eclipse.equinox.http.servlet_1.1.0.v20100503.jar" type="file" uninstall="true" rollbackEnabledCancel="true"/>
			<resource keyfile="false" name="org.eclipse.equinox.jsp.jasper.registry_1.0.200.v20100503.jar" location="C:\opt\IBM\ITIM_ADT5124\plugins\org.eclipse.equinox.jsp.jasper.registry_1.0.200.v20100503.jar" type="file" uninstall="true" rollbackEnabledCancel="true"/>
			<resource keyfile="false" name="org.eclipse.equinox.jsp.jasper_1.0.200.v20100421.jar" location="C:\opt\IBM\ITIM_ADT5124\plugins\org.eclipse.equinox.jsp.jasper_1.0.200.v20100421.jar" type="file" uninstall="true" rollbackEnabledCancel="true"/>
			<resource keyfile="false" name="org.eclipse.equinox.launcher.win32.win32.x86_1.1.0.v20100503" location="C:\opt\IBM\ITIM_ADT5124\plugins\org.eclipse.equinox.launcher.win32.win32.x86_1.1.0.v20100503" type="directory" uninstall="true" rollbackEnabledCancel="true">
			<![CDATA[false]]>
			</resource>
			<resource keyfile="false" name="about.html" location="C:\opt\IBM\ITIM_ADT5124\plugins\org.eclipse.equinox.launcher.win32.win32.x86_1.1.0.v20100503\about.html" type="file" uninstall="true" rollbackEnabledCancel="true"/>
			<resource keyfile="false" name="eclipse_1307.dll" location="C:\opt\IBM\ITIM_ADT5124\plugins\org.eclipse.equinox.launcher.win32.win32.x86_1.1.0.v20100503\eclipse_1307.dll" type="file" uninstall="true" rollbackEnabledCancel="true"/>
			<resource keyfile="false" name="launcher.win32.win32.x86.properties" location="C:\opt\IBM\ITIM_ADT5124\plugins\org.eclipse.equinox.launcher.win32.win32.x86_1.1.0.v20100503\launcher.win32.win32.x86.properties" type="file" uninstall="true" rollbackEnabledCancel="true"/>
			<resource keyfile="false" name="META-INF" location="C:\opt\IBM\ITIM_ADT5124\plugins\org.eclipse.equinox.launcher.win32.win32.x86_1.1.0.v20100503\META-INF" type="directory" uninstall="true" rollbackEnabledCancel="true">
			<![CDATA[false]]>
			</resource>
			<resource keyfile="false" name="eclipse.inf" location="C:\opt\IBM\ITIM_ADT5124\plugins\org.eclipse.equinox.launcher.win32.win32.x86_1.1.0.v20100503\META-INF\eclipse.inf" type="file" uninstall="true" rollbackEnabledCancel="true"/>
			<resource keyfile="false" name="ECLIPSEF.RSA" location="C:\opt\IBM\ITIM_ADT5124\plugins\org.eclipse.equinox.launcher.win32.win32.x86_1.1.0.v20100503\META-INF\ECLIPSEF.RSA" type="file" uninstall="true" rollbackEnabledCancel="true"/>
			<resource keyfile="false" name="ECLIPSEF.SF" location="C:\opt\IBM\ITIM_ADT5124\plugins\org.eclipse.equinox.launcher.win32.win32.x86_1.1.0.v20100503\META-INF\ECLIPSEF.SF" type="file" uninstall="true" rollbackEnabledCancel="true"/>
			<resource keyfile="false" name="MANIFEST.MF" location="C:\opt\IBM\ITIM_ADT5124\plugins\org.eclipse.equinox.launcher.win32.win32.x86_1.1.0.v20100503\META-INF\MANIFEST.MF" type="file" uninstall="true" rollbackEnabledCancel="true"/>
			<resource keyfile="false" name="org.eclipse.equinox.launcher_1.1.0.v20100507.jar" location="C:\opt\IBM\ITIM_ADT5124\plugins\org.eclipse.equinox.launcher_1.1.0.v20100507.jar" type="file" uninstall="true" rollbackEnabledCancel="true"/>
			<resource keyfile="false" name="org.eclipse.equinox.preferences_3.3.0.v20100503.jar" location="C:\opt\IBM\ITIM_ADT5124\plugins\org.eclipse.equinox.preferences_3.3.0.v20100503.jar" type="file" uninstall="true" rollbackEnabledCancel="true"/>
			<resource keyfile="false" name="org.eclipse.equinox.registry_3.5.0.v20100503.jar" location="C:\opt\IBM\ITIM_ADT5124\plugins\org.eclipse.equinox.registry_3.5.0.v20100503.jar" type="file" uninstall="true" rollbackEnabledCancel="true"/>
			<resource keyfile="false" name="org.eclipse.help.appserver_3.1.400.v20100427.jar" location="C:\opt\IBM\ITIM_ADT5124\plugins\org.eclipse.help.appserver_3.1.400.v20100427.jar" type="file" uninstall="true" rollbackEnabledCancel="true"/>
			<resource keyfile="false" name="org.eclipse.help.base_3.5.0.v201006080911.jar" location="C:\opt\IBM\ITIM_ADT5124\plugins\org.eclipse.help.base_3.5.0.v201006080911.jar" type="file" uninstall="true" rollbackEnabledCancel="true"/>
			<resource keyfile="false" name="org.eclipse.help.ui_3.5.0.v20100517.jar" location="C:\opt\IBM\ITIM_ADT5124\plugins\org.eclipse.help.ui_3.5.0.v20100517.jar" type="file" uninstall="true" rollbackEnabledCancel="true"/>
			<resource keyfile="false" name="org.eclipse.help.webapp_3.5.0.v20100507.jar" location="C:\opt\IBM\ITIM_ADT5124\plugins\org.eclipse.help.webapp_3.5.0.v20100507.jar" type="file" uninstall="true" rollbackEnabledCancel="true"/>
			<resource keyfile="false" name="org.eclipse.help_3.5.0.v20100524.jar" location="C:\opt\IBM\ITIM_ADT5124\plugins\org.eclipse.help_3.5.0.v20100524.jar" type="file" uninstall="true" rollbackEnabledCancel="true"/>
			<resource keyfile="false" name="org.eclipse.jface.databinding_1.4.0.I20100601-0800.jar" location="C:\opt\IBM\ITIM_ADT5124\plugins\org.eclipse.jface.databinding_1.4.0.I20100601-0800.jar" type="file" uninstall="true" rollbackEnabledCancel="true"/>
			<resource keyfile="false" name="org.eclipse.jface_3.6.0.I20100601-0800.jar" location="C:\opt\IBM\ITIM_ADT5124\plugins\org.eclipse.jface_3.6.0.I20100601-0800.jar" type="file" uninstall="true" rollbackEnabledCancel="true"/>
			<resource keyfile="false" name="org.eclipse.osgi.services_3.2.100.v20100503.jar" location="C:\opt\IBM\ITIM_ADT5124\plugins\org.eclipse.osgi.services_3.2.100.v20100503.jar" type="file" uninstall="true" rollbackEnabledCancel="true"/>
			<resource keyfile="false" name="org.eclipse.osgi_3.6.0.v20100517.jar" location="C:\opt\IBM\ITIM_ADT5124\plugins\org.eclipse.osgi_3.6.0.v20100517.jar" type="file" uninstall="true" rollbackEnabledCancel="true"/>
			<resource keyfile="false" name="org.eclipse.swt.win32.win32.x86_3.6.0.v3650b.jar" location="C:\opt\IBM\ITIM_ADT5124\plugins\org.eclipse.swt.win32.win32.x86_3.6.0.v3650b.jar" type="file" uninstall="true" rollbackEnabledCancel="true"/>
			<resource keyfile="false" name="org.eclipse.swt_3.6.0.v3650b.jar" location="C:\opt\IBM\ITIM_ADT5124\plugins\org.eclipse.swt_3.6.0.v3650b.jar" type="file" uninstall="true" rollbackEnabledCancel="true"/>
			<resource keyfile="false" name="org.eclipse.ui.browser_3.3.0.v20100517.jar" location="C:\opt\IBM\ITIM_ADT5124\plugins\org.eclipse.ui.browser_3.3.0.v20100517.jar" type="file" uninstall="true" rollbackEnabledCancel="true"/>
			<resource keyfile="false" name="org.eclipse.ui.forms_3.5.0.v20100427.jar" location="C:\opt\IBM\ITIM_ADT5124\plugins\org.eclipse.ui.forms_3.5.0.v20100427.jar" type="file" uninstall="true" rollbackEnabledCancel="true"/>
			<resource keyfile="false" name="org.eclipse.ui.workbench_3.6.0.I20100603-1100.jar" location="C:\opt\IBM\ITIM_ADT5124\plugins\org.eclipse.ui.workbench_3.6.0.I20100603-1100.jar" type="file" uninstall="true" rollbackEnabledCancel="true"/>
			<resource keyfile="false" name="org.eclipse.ui_3.6.0.I20100603-1100.jar" location="C:\opt\IBM\ITIM_ADT5124\plugins\org.eclipse.ui_3.6.0.I20100603-1100.jar" type="file" uninstall="true" rollbackEnabledCancel="true"/>
			<resource keyfile="false" name="org.mortbay.jetty.server_6.1.23.v201004211559.jar" location="C:\opt\IBM\ITIM_ADT5124\plugins\org.mortbay.jetty.server_6.1.23.v201004211559.jar" type="file" uninstall="true" rollbackEnabledCancel="true"/>
			<resource keyfile="false" name="org.mortbay.jetty.util_6.1.23.v201004211559.jar" location="C:\opt\IBM\ITIM_ADT5124\plugins\org.mortbay.jetty.util_6.1.23.v201004211559.jar" type="file" uninstall="true" rollbackEnabledCancel="true"/>
			<resource keyfile="false" name="configuration" location="C:\opt\IBM\ITIM_ADT5124\configuration" type="directory" uninstall="true" rollbackEnabledCancel="true">
			<![CDATA[true]]>
			</resource>
			<resource keyfile="false" name="config.ini" location="C:\opt\IBM\ITIM_ADT5124\configuration\config.ini" type="file" uninstall="true" rollbackEnabledCancel="true"/>
			<resource keyfile="false" name="6c7bc214-1efd-11b2-9cf3-b832a5ef9030" location="com.ibm.lex.lap.ia.LAFiles_IA " type="customcode" uninstall="true" rollbackEnabledCancel="true"/>
			<resource keyfile="false" name="Uninstall ITIM Adapter Development Tool.lnk" location="C:\ProgramData\Microsoft\Windows\Start Menu\Programs\IBM\Uninstall ITIM Adapter Development Tool.lnk" type="shortcut" uninstall="true" rollbackEnabledCancel="true">
			<![CDATA[]]>
			</resource>
			<resource keyfile="false" name="data" location="C:\ProgramData\Microsoft\Windows\Start Menu\Programs\IBM\data" type="directory" uninstall="true" rollbackEnabledCancel="true">
			<![CDATA[true]]>
			</resource>
			<resource keyfile="false" name="AdapterReportDefinition.xml" location="C:\ProgramData\Microsoft\Windows\Start Menu\Programs\IBM\data\AdapterReportDefinition.xml" type="file" uninstall="true" rollbackEnabledCancel="true"/>
			<resource keyfile="false" name="ADTCustomStyles.css" location="C:\ProgramData\Microsoft\Windows\Start Menu\Programs\IBM\data\ADTCustomStyles.css" type="file" uninstall="true" rollbackEnabledCancel="true"/>
			<resource keyfile="false" name="DocToolStyles.xml" location="C:\ProgramData\Microsoft\Windows\Start Menu\Programs\IBM\data\DocToolStyles.xml" type="file" uninstall="true" rollbackEnabledCancel="true"/>
			<resource keyfile="false" name="files" location="C:\ProgramData\Microsoft\Windows\Start Menu\Programs\IBM\files" type="directory" uninstall="true" rollbackEnabledCancel="true">
			<![CDATA[false]]>
			</resource>
			<resource keyfile="false" name="defaultscripts.js" location="C:\ProgramData\Microsoft\Windows\Start Menu\Programs\IBM\files\defaultscripts.js" type="file" uninstall="true" rollbackEnabledCancel="true"/>
			<resource keyfile="false" name="itim_attributes.dsml" location="C:\ProgramData\Microsoft\Windows\Start Menu\Programs\IBM\files\itim_attributes.dsml" type="file" uninstall="true" rollbackEnabledCancel="true"/>
			<resource keyfile="false" name="ITIM_RMI.xml" location="C:\ProgramData\Microsoft\Windows\Start Menu\Programs\IBM\files\ITIM_RMI.xml" type="file" uninstall="true" rollbackEnabledCancel="true"/>
			<resource keyfile="false" name="rmi_AdapterGlobalScript.js" location="C:\ProgramData\Microsoft\Windows\Start Menu\Programs\IBM\files\rmi_AdapterGlobalScript.js" type="file" uninstall="true" rollbackEnabledCancel="true"/>
			<resource keyfile="false" name="rmi_alprolog.js" location="C:\ProgramData\Microsoft\Windows\Start Menu\Programs\IBM\files\rmi_alprolog.js" type="file" uninstall="true" rollbackEnabledCancel="true"/>
			<resource keyfile="false" name="RMI_hooks" location="C:\ProgramData\Microsoft\Windows\Start Menu\Programs\IBM\files\RMI_hooks" type="directory" uninstall="true" rollbackEnabledCancel="true">
			<![CDATA[false]]>
			</resource>
			<resource keyfile="false" name="AddOnly" location="C:\ProgramData\Microsoft\Windows\Start Menu\Programs\IBM\files\RMI_hooks\AddOnly" type="directory" uninstall="true" rollbackEnabledCancel="true">
			<![CDATA[true]]>
			</resource>
			<resource keyfile="false" name="addonly_fail.js" location="C:\ProgramData\Microsoft\Windows\Start Menu\Programs\IBM\files\RMI_hooks\AddOnly\addonly_fail.js" type="file" uninstall="true" rollbackEnabledCancel="true"/>
			<resource keyfile="false" name="addonly_ok.js" location="C:\ProgramData\Microsoft\Windows\Start Menu\Programs\IBM\files\RMI_hooks\AddOnly\addonly_ok.js" type="file" uninstall="true" rollbackEnabledCancel="true"/>
			<resource keyfile="false" name="default_fail.js" location="C:\ProgramData\Microsoft\Windows\Start Menu\Programs\IBM\files\RMI_hooks\AddOnly\default_fail.js" type="file" uninstall="true" rollbackEnabledCancel="true"/>
			<resource keyfile="false" name="initialize_fail.js" location="C:\ProgramData\Microsoft\Windows\Start Menu\Programs\IBM\files\RMI_hooks\AddOnly\initialize_fail.js" type="file" uninstall="true" rollbackEnabledCancel="true"/>
			<resource keyfile="false" name="CallReply" location="C:\ProgramData\Microsoft\Windows\Start Menu\Programs\IBM\files\RMI_hooks\CallReply" type="directory" uninstall="true" rollbackEnabledCancel="true">
			<![CDATA[true]]>
			</resource>
			<resource keyfile="false" name="default_fail.js" location="C:\ProgramData\Microsoft\Windows\Start Menu\Programs\IBM\files\RMI_hooks\CallReply\default_fail.js" type="file" uninstall="true" rollbackEnabledCancel="true"/>
			<resource keyfile="false" name="initialize_fail.js" location="C:\ProgramData\Microsoft\Windows\Start Menu\Programs\IBM\files\RMI_hooks\CallReply\initialize_fail.js" type="file" uninstall="true" rollbackEnabledCancel="true"/>
			<resource keyfile="false" name="Delete" location="C:\ProgramData\Microsoft\Windows\Start Menu\Programs\IBM\files\RMI_hooks\Delete" type="directory" uninstall="true" rollbackEnabledCancel="true">
			<![CDATA[true]]>
			</resource>
			<resource keyfile="false" name="default_fail.js" location="C:\ProgramData\Microsoft\Windows\Start Menu\Programs\IBM\files\RMI_hooks\Delete\default_fail.js" type="file" uninstall="true" rollbackEnabledCancel="true"/>
			<resource keyfile="false" name="delete_fail.js" location="C:\ProgramData\Microsoft\Windows\Start Menu\Programs\IBM\files\RMI_hooks\Delete\delete_fail.js" type="file" uninstall="true" rollbackEnabledCancel="true"/>
			<resource keyfile="false" name="delete_ok.js" location="C:\ProgramData\Microsoft\Windows\Start Menu\Programs\IBM\files\RMI_hooks\Delete\delete_ok.js" type="file" uninstall="true" rollbackEnabledCancel="true"/>
			<resource keyfile="false" name="initialize_fail.js" location="C:\ProgramData\Microsoft\Windows\Start Menu\Programs\IBM\files\RMI_hooks\Delete\initialize_fail.js" type="file" uninstall="true" rollbackEnabledCancel="true"/>
			<resource keyfile="false" name="Delta" location="C:\ProgramData\Microsoft\Windows\Start Menu\Programs\IBM\files\RMI_hooks\Delta" type="directory" uninstall="true" rollbackEnabledCancel="true">
			<![CDATA[true]]>
			</resource>
			<resource keyfile="false" name="default_fail.js" location="C:\ProgramData\Microsoft\Windows\Start Menu\Programs\IBM\files\RMI_hooks\Delta\default_fail.js" type="file" uninstall="true" rollbackEnabledCancel="true"/>
			<resource keyfile="false" name="initialize_fail.js" location="C:\ProgramData\Microsoft\Windows\Start Menu\Programs\IBM\files\RMI_hooks\Delta\initialize_fail.js" type="file" uninstall="true" rollbackEnabledCancel="true"/>
			<resource keyfile="false" name="Iterator" location="C:\ProgramData\Microsoft\Windows\Start Menu\Programs\IBM\files\RMI_hooks\Iterator" type="directory" uninstall="true" rollbackEnabledCancel="true">
			<![CDATA[true]]>
			</resource>
			<resource keyfile="false" name="default_fail.js" location="C:\ProgramData\Microsoft\Windows\Start Menu\Programs\IBM\files\RMI_hooks\Iterator\default_fail.js" type="file" uninstall="true" rollbackEnabledCancel="true"/>
			<resource keyfile="false" name="get_fail.js" location="C:\ProgramData\Microsoft\Windows\Start Menu\Programs\IBM\files\RMI_hooks\Iterator\get_fail.js" type="file" uninstall="true" rollbackEnabledCancel="true"/>
			<resource keyfile="false" name="get_ok.js" location="C:\ProgramData\Microsoft\Windows\Start Menu\Programs\IBM\files\RMI_hooks\Iterator\get_ok.js" type="file" uninstall="true" rollbackEnabledCancel="true"/>
			<resource keyfile="false" name="initialize_fail.js" location="C:\ProgramData\Microsoft\Windows\Start Menu\Programs\IBM\files\RMI_hooks\Iterator\initialize_fail.js" type="file" uninstall="true" rollbackEnabledCancel="true"/>
			<resource keyfile="false" name="Lookup" location="C:\ProgramData\Microsoft\Windows\Start Menu\Programs\IBM\files\RMI_hooks\Lookup" type="directory" uninstall="true" rollbackEnabledCancel="true">
			<![CDATA[true]]>
			</resource>
			<resource keyfile="false" name="default_fail.js" location="C:\ProgramData\Microsoft\Windows\Start Menu\Programs\IBM\files\RMI_hooks\Lookup\default_fail.js" type="file" uninstall="true" rollbackEnabledCancel="true"/>
			<resource keyfile="false" name="initialize_fail.js" location="C:\ProgramData\Microsoft\Windows\Start Menu\Programs\IBM\files\RMI_hooks\Lookup\initialize_fail.js" type="file" uninstall="true" rollbackEnabledCancel="true"/>
			<resource keyfile="false" name="Server" location="C:\ProgramData\Microsoft\Windows\Start Menu\Programs\IBM\files\RMI_hooks\Server" type="directory" uninstall="true" rollbackEnabledCancel="true">
			<![CDATA[true]]>
			</resource>
			<resource keyfile="false" name="default_fail.js" location="C:\ProgramData\Microsoft\Windows\Start Menu\Programs\IBM\files\RMI_hooks\Server\default_fail.js" type="file" uninstall="true" rollbackEnabledCancel="true"/>
			<resource keyfile="false" name="initialize_fail.js" location="C:\ProgramData\Microsoft\Windows\Start Menu\Programs\IBM\files\RMI_hooks\Server\initialize_fail.js" type="file" uninstall="true" rollbackEnabledCancel="true"/>
			<resource keyfile="false" name="Update" location="C:\ProgramData\Microsoft\Windows\Start Menu\Programs\IBM\files\RMI_hooks\Update" type="directory" uninstall="true" rollbackEnabledCancel="true">
			<![CDATA[true]]>
			</resource>
			<resource keyfile="false" name="before_execute.js" location="C:\ProgramData\Microsoft\Windows\Start Menu\Programs\IBM\files\RMI_hooks\Update\before_execute.js" type="file" uninstall="true" rollbackEnabledCancel="true"/>
			<resource keyfile="false" name="before_modify.js" location="C:\ProgramData\Microsoft\Windows\Start Menu\Programs\IBM\files\RMI_hooks\Update\before_modify.js" type="file" uninstall="true" rollbackEnabledCancel="true"/>
			<resource keyfile="false" name="default_fail.js" location="C:\ProgramData\Microsoft\Windows\Start Menu\Programs\IBM\files\RMI_hooks\Update\default_fail.js" type="file" uninstall="true" rollbackEnabledCancel="true"/>
			<resource keyfile="false" name="initialize_fail.js" location="C:\ProgramData\Microsoft\Windows\Start Menu\Programs\IBM\files\RMI_hooks\Update\initialize_fail.js" type="file" uninstall="true" rollbackEnabledCancel="true"/>
			<resource keyfile="false" name="override_add.js" location="C:\ProgramData\Microsoft\Windows\Start Menu\Programs\IBM\files\RMI_hooks\Update\override_add.js" type="file" uninstall="true" rollbackEnabledCancel="true"/>
			<resource keyfile="false" name="update_fail.js" location="C:\ProgramData\Microsoft\Windows\Start Menu\Programs\IBM\files\RMI_hooks\Update\update_fail.js" type="file" uninstall="true" rollbackEnabledCancel="true"/>
			<resource keyfile="false" name="update_ok.js" location="C:\ProgramData\Microsoft\Windows\Start Menu\Programs\IBM\files\RMI_hooks\Update\update_ok.js" type="file" uninstall="true" rollbackEnabledCancel="true"/>
			<resource keyfile="false" name="rmi_itim_account_attrs.csv" location="C:\ProgramData\Microsoft\Windows\Start Menu\Programs\IBM\files\rmi_itim_account_attrs.csv" type="file" uninstall="true" rollbackEnabledCancel="true"/>
			<resource keyfile="false" name="rmi_service_attrs.csv" location="C:\ProgramData\Microsoft\Windows\Start Menu\Programs\IBM\files\rmi_service_attrs.csv" type="file" uninstall="true" rollbackEnabledCancel="true"/>
			<resource keyfile="false" name="ScriptLibrary" location="C:\ProgramData\Microsoft\Windows\Start Menu\Programs\IBM\files\ScriptLibrary" type="directory" uninstall="true" rollbackEnabledCancel="true">
			<![CDATA[true]]>
			</resource>
			<resource keyfile="false" name="LDAP_Set_uid_onOutput.js" location="C:\ProgramData\Microsoft\Windows\Start Menu\Programs\IBM\files\ScriptLibrary\LDAP_Set_uid_onOutput.js" type="file" uninstall="true" rollbackEnabledCancel="true"/>
			<resource keyfile="false" name="Set_eruid_onInput.js" location="C:\ProgramData\Microsoft\Windows\Start Menu\Programs\IBM\files\ScriptLibrary\Set_eruid_onInput.js" type="file" uninstall="true" rollbackEnabledCancel="true"/>
			<resource keyfile="false" name="Set_ITIM_AccountClass.js" location="C:\ProgramData\Microsoft\Windows\Start Menu\Programs\IBM\files\ScriptLibrary\Set_ITIM_AccountClass.js" type="file" uninstall="true" rollbackEnabledCancel="true"/>
			<resource keyfile="false" name="test_before_execute.js" location="C:\ProgramData\Microsoft\Windows\Start Menu\Programs\IBM\files\test_before_execute.js" type="file" uninstall="true" rollbackEnabledCancel="true"/>
			<resource keyfile="false" name="test_override_add.js" location="C:\ProgramData\Microsoft\Windows\Start Menu\Programs\IBM\files\test_override_add.js" type="file" uninstall="true" rollbackEnabledCancel="true"/>
			<resource keyfile="false" name="license" location="C:\ProgramData\Microsoft\Windows\Start Menu\Programs\IBM\license" type="directory" uninstall="true" rollbackEnabledCancel="true">
			<![CDATA[true]]>
			</resource>
			<resource keyfile="false" name="LA_cs" location="C:\ProgramData\Microsoft\Windows\Start Menu\Programs\IBM\license\LA_cs" type="file" uninstall="true" rollbackEnabledCancel="true"/>
			<resource keyfile="false" name="LA_de" location="C:\ProgramData\Microsoft\Windows\Start Menu\Programs\IBM\license\LA_de" type="file" uninstall="true" rollbackEnabledCancel="true"/>
			<resource keyfile="false" name="LA_el" location="C:\ProgramData\Microsoft\Windows\Start Menu\Programs\IBM\license\LA_el" type="file" uninstall="true" rollbackEnabledCancel="true"/>
			<resource keyfile="false" name="LA_en" location="C:\ProgramData\Microsoft\Windows\Start Menu\Programs\IBM\license\LA_en" type="file" uninstall="true" rollbackEnabledCancel="true"/>
			<resource keyfile="false" name="LA_es" location="C:\ProgramData\Microsoft\Windows\Start Menu\Programs\IBM\license\LA_es" type="file" uninstall="true" rollbackEnabledCancel="true"/>
			<resource keyfile="false" name="LA_fr" location="C:\ProgramData\Microsoft\Windows\Start Menu\Programs\IBM\license\LA_fr" type="file" uninstall="true" rollbackEnabledCancel="true"/>
			<resource keyfile="false" name="LA_it" location="C:\ProgramData\Microsoft\Windows\Start Menu\Programs\IBM\license\LA_it" type="file" uninstall="true" rollbackEnabledCancel="true"/>
			<resource keyfile="false" name="LA_ja" location="C:\ProgramData\Microsoft\Windows\Start Menu\Programs\IBM\license\LA_ja" type="file" uninstall="true" rollbackEnabledCancel="true"/>
			<resource keyfile="false" name="LA_ko" location="C:\ProgramData\Microsoft\Windows\Start Menu\Programs\IBM\license\LA_ko" type="file" uninstall="true" rollbackEnabledCancel="true"/>
			<resource keyfile="false" name="LA_lt" location="C:\ProgramData\Microsoft\Windows\Start Menu\Programs\IBM\license\LA_lt" type="file" uninstall="true" rollbackEnabledCancel="true"/>
			<resource keyfile="false" name="LA_pl" location="C:\ProgramData\Microsoft\Windows\Start Menu\Programs\IBM\license\LA_pl" type="file" uninstall="true" rollbackEnabledCancel="true"/>
			<resource keyfile="false" name="LA_pt" location="C:\ProgramData\Microsoft\Windows\Start Menu\Programs\IBM\license\LA_pt" type="file" uninstall="true" rollbackEnabledCancel="true"/>
			<resource keyfile="false" name="LA_ru" location="C:\ProgramData\Microsoft\Windows\Start Menu\Programs\IBM\license\LA_ru" type="file" uninstall="true" rollbackEnabledCancel="true"/>
			<resource keyfile="false" name="LA_sl" location="C:\ProgramData\Microsoft\Windows\Start Menu\Programs\IBM\license\LA_sl" type="file" uninstall="true" rollbackEnabledCancel="true"/>
			<resource keyfile="false" name="LA_tr" location="C:\ProgramData\Microsoft\Windows\Start Menu\Programs\IBM\license\LA_tr" type="file" uninstall="true" rollbackEnabledCancel="true"/>
			<resource keyfile="false" name="LA_zh" location="C:\ProgramData\Microsoft\Windows\Start Menu\Programs\IBM\license\LA_zh" type="file" uninstall="true" rollbackEnabledCancel="true"/>
			<resource keyfile="false" name="LA_zh_TW" location="C:\ProgramData\Microsoft\Windows\Start Menu\Programs\IBM\license\LA_zh_TW" type="file" uninstall="true" rollbackEnabledCancel="true"/>
			<resource keyfile="false" name="LI_cs" location="C:\ProgramData\Microsoft\Windows\Start Menu\Programs\IBM\license\LI_cs" type="file" uninstall="true" rollbackEnabledCancel="true"/>
			<resource keyfile="false" name="LI_de" location="C:\ProgramData\Microsoft\Windows\Start Menu\Programs\IBM\license\LI_de" type="file" uninstall="true" rollbackEnabledCancel="true"/>
			<resource keyfile="false" name="LI_el" location="C:\ProgramData\Microsoft\Windows\Start Menu\Programs\IBM\license\LI_el" type="file" uninstall="true" rollbackEnabledCancel="true"/>
			<resource keyfile="false" name="LI_en" location="C:\ProgramData\Microsoft\Windows\Start Menu\Programs\IBM\license\LI_en" type="file" uninstall="true" rollbackEnabledCancel="true"/>
			<resource keyfile="false" name="LI_es" location="C:\ProgramData\Microsoft\Windows\Start Menu\Programs\IBM\license\LI_es" type="file" uninstall="true" rollbackEnabledCancel="true"/>
			<resource keyfile="false" name="LI_fr" location="C:\ProgramData\Microsoft\Windows\Start Menu\Programs\IBM\license\LI_fr" type="file" uninstall="true" rollbackEnabledCancel="true"/>
			<resource keyfile="false" name="LI_it" location="C:\ProgramData\Microsoft\Windows\Start Menu\Programs\IBM\license\LI_it" type="file" uninstall="true" rollbackEnabledCancel="true"/>
			<resource keyfile="false" name="LI_ja" location="C:\ProgramData\Microsoft\Windows\Start Menu\Programs\IBM\license\LI_ja" type="file" uninstall="true" rollbackEnabledCancel="true"/>
			<resource keyfile="false" name="LI_ko" location="C:\ProgramData\Microsoft\Windows\Start Menu\Programs\IBM\license\LI_ko" type="file" uninstall="true" rollbackEnabledCancel="true"/>
			<resource keyfile="false" name="LI_lt" location="C:\ProgramData\Microsoft\Windows\Start Menu\Programs\IBM\license\LI_lt" type="file" uninstall="true" rollbackEnabledCancel="true"/>
			<resource keyfile="false" name="LI_pl" location="C:\ProgramData\Microsoft\Windows\Start Menu\Programs\IBM\license\LI_pl" type="file" uninstall="true" rollbackEnabledCancel="true"/>
			<resource keyfile="false" name="LI_pt" location="C:\ProgramData\Microsoft\Windows\Start Menu\Programs\IBM\license\LI_pt" type="file" uninstall="true" rollbackEnabledCancel="true"/>
			<resource keyfile="false" name="LI_ru" location="C:\ProgramData\Microsoft\Windows\Start Menu\Programs\IBM\license\LI_ru" type="file" uninstall="true" rollbackEnabledCancel="true"/>
			<resource keyfile="false" name="LI_sl" location="C:\ProgramData\Microsoft\Windows\Start Menu\Programs\IBM\license\LI_sl" type="file" uninstall="true" rollbackEnabledCancel="true"/>
			<resource keyfile="false" name="LI_tr" location="C:\ProgramData\Microsoft\Windows\Start Menu\Programs\IBM\license\LI_tr" type="file" uninstall="true" rollbackEnabledCancel="true"/>
			<resource keyfile="false" name="LI_zh" location="C:\ProgramData\Microsoft\Windows\Start Menu\Programs\IBM\license\LI_zh" type="file" uninstall="true" rollbackEnabledCancel="true"/>
			<resource keyfile="false" name="LI_zh_TW" location="C:\ProgramData\Microsoft\Windows\Start Menu\Programs\IBM\license\LI_zh_TW" type="file" uninstall="true" rollbackEnabledCancel="true"/>
			<resource keyfile="false" name="notices" location="C:\ProgramData\Microsoft\Windows\Start Menu\Programs\IBM\license\notices" type="file" uninstall="true" rollbackEnabledCancel="true"/>
			<resource keyfile="false" name="logs" location="C:\ProgramData\Microsoft\Windows\Start Menu\Programs\IBM\logs" type="directory" uninstall="true" rollbackEnabledCancel="true">
			<![CDATA[true]]>
			</resource>
			<resource keyfile="false" name="AdapterDevelopmentTool.log" location="C:\ProgramData\Microsoft\Windows\Start Menu\Programs\IBM\logs\AdapterDevelopmentTool.log" type="file" uninstall="true" rollbackEnabledCancel="true"/>
			<resource keyfile="false" name="templates" location="C:\ProgramData\Microsoft\Windows\Start Menu\Programs\IBM\templates" type="directory" uninstall="true" rollbackEnabledCancel="true">
			<![CDATA[false]]>
			</resource>
			<resource keyfile="false" name="html" location="C:\ProgramData\Microsoft\Windows\Start Menu\Programs\IBM\templates\html" type="directory" uninstall="true" rollbackEnabledCancel="true">
			<![CDATA[true]]>
			</resource>
			<resource keyfile="false" name="AttributeList.tmpl" location="C:\ProgramData\Microsoft\Windows\Start Menu\Programs\IBM\templates\html\AttributeList.tmpl" type="file" uninstall="true" rollbackEnabledCancel="true"/>
			<resource keyfile="false" name="AttributeListAttribute.tmpl" location="C:\ProgramData\Microsoft\Windows\Start Menu\Programs\IBM\templates\html\AttributeListAttribute.tmpl" type="file" uninstall="true" rollbackEnabledCancel="true"/>
			<resource keyfile="false" name="AttributeListAttributeFooter.tmpl" location="C:\ProgramData\Microsoft\Windows\Start Menu\Programs\IBM\templates\html\AttributeListAttributeFooter.tmpl" type="file" uninstall="true" rollbackEnabledCancel="true"/>
			<resource keyfile="false" name="AttributeListAttributeHeader.tmpl" location="C:\ProgramData\Microsoft\Windows\Start Menu\Programs\IBM\templates\html\AttributeListAttributeHeader.tmpl" type="file" uninstall="true" rollbackEnabledCancel="true"/>
			<resource keyfile="false" name="ExpandableTreeFooter.tmpl" location="C:\ProgramData\Microsoft\Windows\Start Menu\Programs\IBM\templates\html\ExpandableTreeFooter.tmpl" type="file" uninstall="true" rollbackEnabledCancel="true"/>
			<resource keyfile="false" name="ExpandableTreeHeader.tmpl" location="C:\ProgramData\Microsoft\Windows\Start Menu\Programs\IBM\templates\html\ExpandableTreeHeader.tmpl" type="file" uninstall="true" rollbackEnabledCancel="true"/>
			<resource keyfile="false" name="ExpandableTreeNode.tmpl" location="C:\ProgramData\Microsoft\Windows\Start Menu\Programs\IBM\templates\html\ExpandableTreeNode.tmpl" type="file" uninstall="true" rollbackEnabledCancel="true"/>
			<resource keyfile="false" name="ExpandableTreeNodeFooter.tmpl" location="C:\ProgramData\Microsoft\Windows\Start Menu\Programs\IBM\templates\html\ExpandableTreeNodeFooter.tmpl" type="file" uninstall="true" rollbackEnabledCancel="true"/>
			<resource keyfile="false" name="HeaderComponent.tmpl" location="C:\ProgramData\Microsoft\Windows\Start Menu\Programs\IBM\templates\html\HeaderComponent.tmpl" type="file" uninstall="true" rollbackEnabledCancel="true"/>
			<resource keyfile="false" name="HeaderComponentAttribute.tmpl" location="C:\ProgramData\Microsoft\Windows\Start Menu\Programs\IBM\templates\html\HeaderComponentAttribute.tmpl" type="file" uninstall="true" rollbackEnabledCancel="true"/>
			<resource keyfile="false" name="HeaderComponentAttributeFooter.tmpl" location="C:\ProgramData\Microsoft\Windows\Start Menu\Programs\IBM\templates\html\HeaderComponentAttributeFooter.tmpl" type="file" uninstall="true" rollbackEnabledCancel="true"/>
			<resource keyfile="false" name="HeaderComponentAttributeHeader.tmpl" location="C:\ProgramData\Microsoft\Windows\Start Menu\Programs\IBM\templates\html\HeaderComponentAttributeHeader.tmpl" type="file" uninstall="true" rollbackEnabledCancel="true"/>
			<resource keyfile="false" name="HeaderComponentFooter.tmpl" location="C:\ProgramData\Microsoft\Windows\Start Menu\Programs\IBM\templates\html\HeaderComponentFooter.tmpl" type="file" uninstall="true" rollbackEnabledCancel="true"/>
			<resource keyfile="false" name="HeaderComponentHeader.tmpl" location="C:\ProgramData\Microsoft\Windows\Start Menu\Programs\IBM\templates\html\HeaderComponentHeader.tmpl" type="file" uninstall="true" rollbackEnabledCancel="true"/>
			<resource keyfile="false" name="Iteration.tmpl" location="C:\ProgramData\Microsoft\Windows\Start Menu\Programs\IBM\templates\html\Iteration.tmpl" type="file" uninstall="true" rollbackEnabledCancel="true"/>
			<resource keyfile="false" name="IterationAttribute.tmpl" location="C:\ProgramData\Microsoft\Windows\Start Menu\Programs\IBM\templates\html\IterationAttribute.tmpl" type="file" uninstall="true" rollbackEnabledCancel="true"/>
			<resource keyfile="false" name="IterationAttributeFooter.tmpl" location="C:\ProgramData\Microsoft\Windows\Start Menu\Programs\IBM\templates\html\IterationAttributeFooter.tmpl" type="file" uninstall="true" rollbackEnabledCancel="true"/>
			<resource keyfile="false" name="IterationAttributeHeader.tmpl" location="C:\ProgramData\Microsoft\Windows\Start Menu\Programs\IBM\templates\html\IterationAttributeHeader.tmpl" type="file" uninstall="true" rollbackEnabledCancel="true"/>
			<resource keyfile="false" name="IterationFooter.tmpl" location="C:\ProgramData\Microsoft\Windows\Start Menu\Programs\IBM\templates\html\IterationFooter.tmpl" type="file" uninstall="true" rollbackEnabledCancel="true"/>
			<resource keyfile="false" name="IterationHeader.tmpl" location="C:\ProgramData\Microsoft\Windows\Start Menu\Programs\IBM\templates\html\IterationHeader.tmpl" type="file" uninstall="true" rollbackEnabledCancel="true"/>
			<resource keyfile="false" name="List.tmpl" location="C:\ProgramData\Microsoft\Windows\Start Menu\Programs\IBM\templates\html\List.tmpl" type="file" uninstall="true" rollbackEnabledCancel="true"/>
			<resource keyfile="false" name="ListFooter.tmpl" location="C:\ProgramData\Microsoft\Windows\Start Menu\Programs\IBM\templates\html\ListFooter.tmpl" type="file" uninstall="true" rollbackEnabledCancel="true"/>
			<resource keyfile="false" name="ListHeader.tmpl" location="C:\ProgramData\Microsoft\Windows\Start Menu\Programs\IBM\templates\html\ListHeader.tmpl" type="file" uninstall="true" rollbackEnabledCancel="true"/>
			<resource keyfile="false" name="ListItem.tmpl" location="C:\ProgramData\Microsoft\Windows\Start Menu\Programs\IBM\templates\html\ListItem.tmpl" type="file" uninstall="true" rollbackEnabledCancel="true"/>
			<resource keyfile="false" name="Report.tmpl" location="C:\ProgramData\Microsoft\Windows\Start Menu\Programs\IBM\templates\html\Report.tmpl" type="file" uninstall="true" rollbackEnabledCancel="true"/>
			<resource keyfile="false" name="Section.tmpl" location="C:\ProgramData\Microsoft\Windows\Start Menu\Programs\IBM\templates\html\Section.tmpl" type="file" uninstall="true" rollbackEnabledCancel="true"/>
			<resource keyfile="false" name="SectionAttribute.tmpl" location="C:\ProgramData\Microsoft\Windows\Start Menu\Programs\IBM\templates\html\SectionAttribute.tmpl" type="file" uninstall="true" rollbackEnabledCancel="true"/>
			<resource keyfile="false" name="SectionAttributeFooter.tmpl" location="C:\ProgramData\Microsoft\Windows\Start Menu\Programs\IBM\templates\html\SectionAttributeFooter.tmpl" type="file" uninstall="true" rollbackEnabledCancel="true"/>
			<resource keyfile="false" name="SectionAttributeHeader.tmpl" location="C:\ProgramData\Microsoft\Windows\Start Menu\Programs\IBM\templates\html\SectionAttributeHeader.tmpl" type="file" uninstall="true" rollbackEnabledCancel="true"/>
			<resource keyfile="false" name="SectionFooter.tmpl" location="C:\ProgramData\Microsoft\Windows\Start Menu\Programs\IBM\templates\html\SectionFooter.tmpl" type="file" uninstall="true" rollbackEnabledCancel="true"/>
			<resource keyfile="false" name="SectionHeader.tmpl" location="C:\ProgramData\Microsoft\Windows\Start Menu\Programs\IBM\templates\html\SectionHeader.tmpl" type="file" uninstall="true" rollbackEnabledCancel="true"/>
			<resource keyfile="false" name="Table.tmpl" location="C:\ProgramData\Microsoft\Windows\Start Menu\Programs\IBM\templates\html\Table.tmpl" type="file" uninstall="true" rollbackEnabledCancel="true"/>
			<resource keyfile="false" name="TableColumn.tmpl" location="C:\ProgramData\Microsoft\Windows\Start Menu\Programs\IBM\templates\html\TableColumn.tmpl" type="file" uninstall="true" rollbackEnabledCancel="true"/>
			<resource keyfile="false" name="TableColumnFooter.tmpl" location="C:\ProgramData\Microsoft\Windows\Start Menu\Programs\IBM\templates\html\TableColumnFooter.tmpl" type="file" uninstall="true" rollbackEnabledCancel="true"/>
			<resource keyfile="false" name="TableColumnHeader.tmpl" location="C:\ProgramData\Microsoft\Windows\Start Menu\Programs\IBM\templates\html\TableColumnHeader.tmpl" type="file" uninstall="true" rollbackEnabledCancel="true"/>
			<resource keyfile="false" name="TableFooter.tmpl" location="C:\ProgramData\Microsoft\Windows\Start Menu\Programs\IBM\templates\html\TableFooter.tmpl" type="file" uninstall="true" rollbackEnabledCancel="true"/>
			<resource keyfile="false" name="TableHeader.tmpl" location="C:\ProgramData\Microsoft\Windows\Start Menu\Programs\IBM\templates\html\TableHeader.tmpl" type="file" uninstall="true" rollbackEnabledCancel="true"/>
			<resource keyfile="false" name="TableRow.tmpl" location="C:\ProgramData\Microsoft\Windows\Start Menu\Programs\IBM\templates\html\TableRow.tmpl" type="file" uninstall="true" rollbackEnabledCancel="true"/>
			<resource keyfile="false" name="TableRowFooter.tmpl" location="C:\ProgramData\Microsoft\Windows\Start Menu\Programs\IBM\templates\html\TableRowFooter.tmpl" type="file" uninstall="true" rollbackEnabledCancel="true"/>
			<resource keyfile="false" name="TableRowHeader.tmpl" location="C:\ProgramData\Microsoft\Windows\Start Menu\Programs\IBM\templates\html\TableRowHeader.tmpl" type="file" uninstall="true" rollbackEnabledCancel="true"/>
			<resource keyfile="false" name="TOCSection.tmpl" location="C:\ProgramData\Microsoft\Windows\Start Menu\Programs\IBM\templates\html\TOCSection.tmpl" type="file" uninstall="true" rollbackEnabledCancel="true"/>
			<resource keyfile="false" name="TOCSectionFooter.tmpl" location="C:\ProgramData\Microsoft\Windows\Start Menu\Programs\IBM\templates\html\TOCSectionFooter.tmpl" type="file" uninstall="true" rollbackEnabledCancel="true"/>
			<resource keyfile="false" name="TOCSectionHeader.tmpl" location="C:\ProgramData\Microsoft\Windows\Start Menu\Programs\IBM\templates\html\TOCSectionHeader.tmpl" type="file" uninstall="true" rollbackEnabledCancel="true"/>
			<resource keyfile="false" name="TreeFooter.tmpl" location="C:\ProgramData\Microsoft\Windows\Start Menu\Programs\IBM\templates\html\TreeFooter.tmpl" type="file" uninstall="true" rollbackEnabledCancel="true"/>
			<resource keyfile="false" name="TreeHeader.tmpl" location="C:\ProgramData\Microsoft\Windows\Start Menu\Programs\IBM\templates\html\TreeHeader.tmpl" type="file" uninstall="true" rollbackEnabledCancel="true"/>
			<resource keyfile="false" name="TreeNode.tmpl" location="C:\ProgramData\Microsoft\Windows\Start Menu\Programs\IBM\templates\html\TreeNode.tmpl" type="file" uninstall="true" rollbackEnabledCancel="true"/>
			<resource keyfile="false" name="TreeNodeFooter.tmpl" location="C:\ProgramData\Microsoft\Windows\Start Menu\Programs\IBM\templates\html\TreeNodeFooter.tmpl" type="file" uninstall="true" rollbackEnabledCancel="true"/>
		</component>
		<component id="adef9b52-1eee-11b2-8cce-e1a22fbdceb6" version="1.0.0.0" name="InstallAnywhere Uninstall Component" location="C:\opt\IBM\ITIM_ADT5124\Uninstall_ITIM Adapter Development Tool\Uninstall ITIM Adapter Development Tool.exe" vendor="IBM">
			<resource keyfile="false" name="ITIM_Adapter_Development_Tool_InstallLog.log" location="C:\opt\IBM\ITIM_ADT5124\ITIM_Adapter_Development_Tool_InstallLog.log" type="file" uninstall="true" rollbackEnabledCancel="true"/>
			<resource keyfile="false" name="ITIM_ADT5124" location="C:\opt\IBM\ITIM_ADT5124" type="directory" uninstall="true" rollbackEnabledCancel="true">
			<![CDATA[false]]>
			</resource>
			<resource keyfile="false" name="Uninstall_ITIM Adapter Development Tool" location="C:\opt\IBM\ITIM_ADT5124\Uninstall_ITIM Adapter Development Tool" type="directory" uninstall="true" rollbackEnabledCancel="true">
			<![CDATA[false]]>
			</resource>
			<resource keyfile="false" name="win_reg_entry" location="$INSTALLED$|HKEY_LOCAL_MACHINE\SOFTWARE\Microsoft\Windows\CurrentVersion\Uninstall\ITIM Adapter Development Tool|131103|DisplayName|STRING|ITIM Adapter Development Tool$DELETE$|HKEY_LOCAL_MACHINE\SOFTWARE\Microsoft\Windows\CurrentVersion\Uninstall\ITIM Adapter Development Tool|131103|DisplayName" type="win_reg_entry" uninstall="true" rollbackEnabledCancel="true"/>
			<resource keyfile="false" name="uninstaller.jar" location="C:\opt\IBM\ITIM_ADT5124\Uninstall_ITIM Adapter Development Tool\uninstaller.jar" type="file" uninstall="true" rollbackEnabledCancel="true"/>
			<resource keyfile="true" name="Uninstall ITIM Adapter Development Tool.exe" location="C:\opt\IBM\ITIM_ADT5124\Uninstall_ITIM Adapter Development Tool\Uninstall ITIM Adapter Development Tool.exe" type="executable" uninstall="true" rollbackEnabledCancel="true"/>
			<resource keyfile="false" name="Uninstall ITIM Adapter Development Tool.lax" location="C:\opt\IBM\ITIM_ADT5124\Uninstall_ITIM Adapter Development Tool\Uninstall ITIM Adapter Development Tool.lax" type="file" uninstall="true" rollbackEnabledCancel="true"/>
			<resource keyfile="false" name="resource" location="C:\opt\IBM\ITIM_ADT5124\Uninstall_ITIM Adapter Development Tool\resource" type="directory" uninstall="true" rollbackEnabledCancel="true">
			<![CDATA[false]]>
			</resource>
			<resource keyfile="false" name="iawin64_x64.dll" location="C:\opt\IBM\ITIM_ADT5124\Uninstall_ITIM Adapter Development Tool\resource\iawin64_x64.dll" type="file" uninstall="true" rollbackEnabledCancel="true"/>
			<resource keyfile="false" name="remove.exe" location="C:\opt\IBM\ITIM_ADT5124\Uninstall_ITIM Adapter Development Tool\resource\remove.exe" type="file" uninstall="true" rollbackEnabledCancel="true"/>
			<resource keyfile="false" name="win_reg_entry" location="$INSTALLED$|HKEY_LOCAL_MACHINE\SOFTWARE\Microsoft\Windows\CurrentVersion\Uninstall\ITIM Adapter Development Tool|131103|DisplayName|STRING|ITIM Adapter Development Tool$DELETE$|HKEY_LOCAL_MACHINE\SOFTWARE\Microsoft\Windows\CurrentVersion\Uninstall\ITIM Adapter Development Tool|131103|DisplayName" type="win_reg_entry" uninstall="true" rollbackEnabledCancel="true"/>
			<resource keyfile="false" name="win_reg_entry" location="$INSTALLED$|HKEY_LOCAL_MACHINE\SOFTWARE\Microsoft\Windows\CurrentVersion\Uninstall\ITIM Adapter Development Tool|131103|UninstallString|STRING|&quot;C:\opt\IBM\ITIM_ADT5124\Uninstall_ITIM Adapter Development Tool\Uninstall ITIM Adapter Development Tool.exe&quot;$DELETE$|HKEY_LOCAL_MACHINE\SOFTWARE\Microsoft\Windows\CurrentVersion\Uninstall\ITIM Adapter Development Tool|131103|UninstallString" type="win_reg_entry" uninstall="true" rollbackEnabledCancel="true"/>
			<resource keyfile="false" name="win_reg_entry" location="$INSTALLED$|HKEY_LOCAL_MACHINE\SOFTWARE\Microsoft\Windows\CurrentVersion\Uninstall\ITIM Adapter Development Tool|131103|Publisher|STRING|IBM$DELETE$|HKEY_LOCAL_MACHINE\SOFTWARE\Microsoft\Windows\CurrentVersion\Uninstall\ITIM Adapter Development Tool|131103|Publisher" type="win_reg_entry" uninstall="true" rollbackEnabledCancel="true"/>
			<resource keyfile="false" name="win_reg_entry" location="$INSTALLED$|HKEY_LOCAL_MACHINE\SOFTWARE\Microsoft\Windows\CurrentVersion\Uninstall\ITIM Adapter Development Tool|131103|ProductID|STRING|9f4c65af-1efc-11b2-8773-cfcf109adf2e$DELETE$|HKEY_LOCAL_MACHINE\SOFTWARE\Microsoft\Windows\CurrentVersion\Uninstall\ITIM Adapter Development Tool|131103|ProductID" type="win_reg_entry" uninstall="true" rollbackEnabledCancel="true"/>
			<resource keyfile="false" name="win_reg_entry" location="$INSTALLED$|HKEY_LOCAL_MACHINE\SOFTWARE\Microsoft\Windows\CurrentVersion\Uninstall\ITIM Adapter Development Tool|131103|InstallLocation|STRING|C:\opt\IBM\ITIM_ADT5124$DELETE$|HKEY_LOCAL_MACHINE\SOFTWARE\Microsoft\Windows\CurrentVersion\Uninstall\ITIM Adapter Development Tool|131103|InstallLocation" type="win_reg_entry" uninstall="true" rollbackEnabledCancel="true"/>
			<resource keyfile="false" name="win_reg_entry" location="$INSTALLED$|HKEY_LOCAL_MACHINE\SOFTWARE\Microsoft\Windows\CurrentVersion\Uninstall\ITIM Adapter Development Tool|131103|InstallDate|STRING|Thu Mar 13 16:12:39 CET 2014$DELETE$|HKEY_LOCAL_MACHINE\SOFTWARE\Microsoft\Windows\CurrentVersion\Uninstall\ITIM Adapter Development Tool|131103|InstallDate" type="win_reg_entry" uninstall="true" rollbackEnabledCancel="true"/>
			<resource keyfile="false" name="win_reg_entry" location="$INSTALLED$|HKEY_LOCAL_MACHINE\SOFTWARE\Microsoft\Windows\CurrentVersion\Uninstall\ITIM Adapter Development Tool|131103|DisplayVersion|STRING|5.1.0.0$DELETE$|HKEY_LOCAL_MACHINE\SOFTWARE\Microsoft\Windows\CurrentVersion\Uninstall\ITIM Adapter Development Tool|131103|DisplayVersion" type="win_reg_entry" uninstall="true" rollbackEnabledCancel="true"/>
			<resource keyfile="false" name="win_reg_entry" location="$INSTALLED$|HKEY_LOCAL_MACHINE\SOFTWARE\Microsoft\Windows\CurrentVersion\Uninstall\ITIM Adapter Development Tool|131103|Comments|STRING|ITIM Adapter Development Tool$DELETE$|HKEY_LOCAL_MACHINE\SOFTWARE\Microsoft\Windows\CurrentVersion\Uninstall\ITIM Adapter Development Tool|131103|Comments" type="win_reg_entry" uninstall="true" rollbackEnabledCancel="true"/>
			<resource keyfile="false" name="ZGWin32LaunchHelper.exe" location="C:\opt\IBM\ITIM_ADT5124\Uninstall_ITIM Adapter Development Tool\resource\ZGWin32LaunchHelper.exe" type="file" uninstall="true" rollbackEnabledCancel="true"/>
			<resource keyfile="false" name=".com.zerog.registry.xml" location="C:\opt\IBM\ITIM_ADT5124\Uninstall_ITIM Adapter Development Tool\.com.zerog.registry.xml" type="file" uninstall="true" rollbackEnabledCancel="true"/>
		</component>
	</components>
</registry>
